OMEGAWIKI	WOLD	GLOSS	SEMANTICFIELD	POS
7064	12.081	ABOVE	Spatial relations	Function word
751478	21.31	ACCUSE	Law	Verb
419370	8.66	ACORN	Agriculture and vegetation	Noun
424928	21.34	ACQUIT	Law	Verb
160397	23.385	ADDRESS	Modern world	Noun
754888	21.16	ADJUDICATE	Law	Verb
992946	18.33	ADMIT	Speech and language	Verb
383952	7.64	ADOBE	The house	Noun
756816	6.71	ADORNMENT	Clothing and grooming	Noun
383985	21.43	ADULTERY	Law	Noun
1507412	9.251	ADZE	Basic actions and technology	Noun
6944	12.01	AFTER	Spatial relations	Function word
7455	14.451	AFTERNOON	Time	Noun
1412012	14.35	AGAIN	Time	Function word
73	14.12	AGE	Time	Noun
106	1.71	AIR	The physical world	Noun
6549	23.16	AIRPLANE	Modern world	Noun
1173416	13.14	ALL	Quantity	Function word
648694	3.97	ALLIGATOR	Animals	Noun
904382	13.331	ALONE	Quantity	Adjective
361044	22.14	ALTAR	Religion and belief	Noun
6902	14.31	ALWAYS	Time	Function word
1117421	20.49	AMBUSH	Warfare and hunting	Noun
6861	2.56	ANCESTORS	Kinship	Noun
806253	10.89	ANCHOR	Motion	Noun
6464	17.51	AND	Cognition	Function word
1156554	16.42	ANGER	Emotions and values	Noun
194	3.11	ANIMAL	Animals	Noun
348298	4.371	ANKLE	The body	Noun
1024716	18.43	ANNOUNCE	Speech and language	Verb
5610	18.32	ANSWER	Speech and language	Verb
160271	3.817	ANT	Animals	Noun
1385114	3.89	ANTEATER	Animals	Noun
6777	9.62	ANVIL	Basic actions and technology	Noun
430287	16.33	ANXIETY	Emotions and values	Noun
721097	10.56	APPROACH	Motion	Verb
372196	7.58	ARCH	The house	Noun
1505700	1.771	ARCTIC LIGHTS	The physical world	Noun
6894	4.31	ARM	The body	Noun
454297	20.31	ARMOUR	Warfare and hunting	Noun
818235	4.312	ARMPIT	The body	Noun
6414	20.15	ARMY	Warfare and hunting	Noun
5965	10.55	ARRIVE	Motion	Verb
420887	20.25	ARROW	Warfare and hunting	Noun
819524	21.46	ARSON	Law	Noun
8473	4.151	ARTERY	The body	Noun
264	1.84	ASH	The physical world	Noun
7621	18.35	ASK	Speech and language	Verb
5717	18.31	ASK	Speech and language	Verb
834474	16.15	ASTONISHED	Emotions and values	Adjective
6078	12.013	AT	Spatial relations	Function word
337168	20.43	ATTACK	Warfare and hunting	Noun
5591	2.52	AUNT	Kinship	Noun
5615	14.77	AUTUMN	Time	Noun
1505847	6.37	AWL	Clothing and grooming	Noun
333200	9.25	AXE	Basic actions and technology	Noun
7167	10.77	AXLE	Motion	Noun
5642	2.28	BABY	Kinship	Noun
5648	4.19	BACK	The body	Noun
5650	16.72	BAD	Emotions and values	Adjective
1107818	16.19	BAD LUCK	Emotions and values	Noun
978246	20.56	BAIT	Warfare and hunting	Noun
1392775	5.24	BAKE	Food and drink	Verb
490061	4.93	BALD	The body	Adjective
7785	12.83	BALL	Spatial relations	Noun
848903	8.94	BAMBOO	Agriculture and vegetation	Noun
369665	8.84	BANANA	Agriculture and vegetation	Noun
5632	23.44	BANK	Modern world	Noun
1510869	8.85	BANYAN	Agriculture and vegetation	Noun
5439	8.75	BARK	Agriculture and vegetation	Noun
398106	8.44	BARLEY	Agriculture and vegetation	Noun
1511024	11.83	BARTER	Possession	Verb
6368	9.76	BASKET	Basic actions and technology	Noun
7344	3.591	BAT	Animals	Noun
1295154	4.69	BATHE	The body	Verb
318	23.175	BATTERY	Modern world	Noun
158617	20.13	BATTLE	Warfare and hunting	Noun
1511102	20.222	BATTLE-AXE	Warfare and hunting	Noun
320	1.34	BAY	The physical world	Noun
6480	24.01	BE	Miscellaneous function words	Verb
6028	4.74	BE ALIVE	The body	Verb
474983	4.72	BE BORN	The body	Verb
6345	5.14	BE HUNGRY	Food and drink	Verb
1539800	14.24	BE LATE	Time	Verb
1103280	18.23	BE SILENT	Speech and language	Verb
359542	5.15	BE THIRSTY	Food and drink	Verb
799152	6.76	BEAD	Clothing and grooming	Noun
1142217	4.241	BEAK	The body	Noun
498099	7.55	BEAM	The house	Noun
355931	5.66	BEAN	Food and drink	Noun
7552	3.73	BEAR	Animals	Noun
333455	4.142	BEARD	The body	Noun
6855	9.21	BEAT	Basic actions and technology	Verb
6037	16.81	BEAUTIFUL	Emotions and values	Adjective
540414	3.873	BEAVER	Animals	Noun
514093	17.52	BECAUSE	Cognition	Function word
949323	24.02	BECOME	Miscellaneous function words	Verb
6851	7.42	BED	The house	Noun
325	3.82	BEE	Animals	Noun
880926	8.62	BEECH	Agriculture and vegetation	Noun
1161759	3.822	BEEHIVE	Animals	Noun
6715	5.93	BEER	Food and drink	Noun
851017	3.821	BEESWAX	Animals	Noun
8159	12.04	BEFORE	Spatial relations	Function word
510379	4.71	BEGET	The body	Verb
853288	11.53	BEGGAR	Possession	Noun
7451	14.25	BEGIN	Time	Verb
6405	14.251	BEGINNING	Time	Noun
6945	12.011	BEHIND	Spatial relations	Function word
8203	17.15	BELIEVE	Cognition	Verb
5516	4.431	BELLY	The body	Noun
6199	12.07	BELOW,UNDER	Spatial relations	Function word
344311	6.57	BELT	Clothing and grooming	Noun
961409	9.14	BEND	Basic actions and technology	Verb
752575	12.02	BESIDE	Spatial relations	Function word
837839	17.441	BETRAY	Cognition	Verb
341	23.13	BICYCLE	Modern world	Noun
5437	12.55	BIG	Spatial relations	Adjective
468867	11.66	BILL	Possession	Noun
7898	8.63	BIRCH	Agriculture and vegetation	Noun
400	3.581	BIRD	Animals	Noun
1511158	23.36	BIRTH CERTIFICATE	Modern world	Noun
5993	4.58	BITE	The body	Verb
375671	15.37	BITTER	Sense perception	Adjective
1341728	15.65	BLACK	Sense perception	Adjective
430574	9.6	BLACKSMITH	Basic actions and technology	Noun
1511068	16.78	BLAME	Emotions and values	Noun
348520	7.422	BLANKET	The house	Noun
1511134	22.23	BLESS	Religion and belief	Verb
6807	4.97	BLIND	The body	Adjective
6813	4.215	BLINK	The body	Verb
6518	4.855	BLISTER	The body	Noun
411	4.15	BLOOD	The body	Noun
1375415	10.38	BLOW	Motion	Verb
357132	15.67	BLUE	Sense perception	Adjective
1511061	15.79	BLUNT	Sense perception	Adjective
5868	3.32	BOAR	Animals	Noun
5479	7.57	BOARD	The house	Noun
1176597	18.45	BOAST	Speech and language	Verb
7774	10.83	BOAT	Motion	Noun
6179	4.11	BODY	The body	Noun
1399403	4.144	BODY HAIR	The body	Noun
1510400	3.8112	BODY LOUSE	Animals	Noun
347033	5.22	BOIL	Food and drink	Verb
347037	4.856	BOIL	The body	Noun
963421	1.57	BOLT OF LIGHTNING	The physical world	Noun
7437	23.575	BOMB	Modern world	Noun
5983	4.16	BONE	The body	Noun
417	18.61	BOOK	Speech and language	Noun
1285089	9.87	BOOMERANG	Basic actions and technology	Noun
159566	6.52	BOOT	Clothing and grooming	Noun
437280	20.48	BOOTY	Warfare and hunting	Noun
625688	9.46	BORE	Basic actions and technology	Verb
7569	11.62	BORROW	Possession	Verb
5783	23.56	BOTTLE	Modern world	Noun
334481	12.34	BOTTOM	Spatial relations	Noun
432931	19.17	BOUNDARY	Social and political relations	Noun
427040	20.24	BOW	Warfare and hunting	Noun
6341	5.33	BOWL	Food and drink	Noun
5905	2.25	BOY	Kinship	Noun
710484	6.74	BRACELET	Clothing and grooming	Noun
1132622	15.39	BRACKISH	Sense perception	Adjective
447700	6.921	BRAID	Clothing and grooming	Noun
6504	4.203	BRAIN	The body	Noun
418778	23.18	BRAKE	Modern world	Verb
6343	8.55	BRANCH	Agriculture and vegetation	Noun
1016033	16.52	BRAVE	Emotions and values	Adjective
5910	5.51	BREAD	Food and drink	Noun
333586	9.26	BREAK	Basic actions and technology	Verb
5787	5.42	BREAKFAST	Food and drink	Noun
5992	4.41	BREAST	The body	Noun
5998	4.51	BREATHE	The body	Verb
432	7.62	BRICK	The house	Noun
433	10.74	BRIDGE	Motion	Noun
333539	15.57	BRIGHT	Sense perception	Adjective
334503	10.62	BRING	Motion	Verb
160300	9.261	BROKEN	Basic actions and technology	Adjective
1501242	9.38	BROOM	Basic actions and technology	Noun
5541	2.44	BROTHER	Kinship	Noun
509506	4.852	BRUISE	The body	Noun
7562	6.92	BRUSH	Clothing and grooming	Noun
398978	3.917	BUFFALO	Animals	Noun
7714	9.44	BUILD	Basic actions and technology	Verb
432142	3.21	BULL	Animals	Noun
908269	5.712	BUNCH	Food and drink	Noun
6039	1.852	BURN	The physical world	Verb
1299599	1.851	BURN	The physical world	Verb
702018	4.78	BURY	The body	Verb
461	23.15	BUS	Modern world	Noun
5505	5.89	BUTTER	Food and drink	Noun
7316	3.92	BUTTERFLY	Animals	Noun
356264	4.464	BUTTOCKS	The body	Noun
342095	6.62	BUTTON	Clothing and grooming	Noun
8061	11.81	BUY	Possession	Verb
909821	23.61	CALENDAR	Modern world	Noun
941919	3.24	CALF	Animals	Noun
156660	4.352	CALF OF THE LEG	The body	Noun
1378786	18.42	CALL	Speech and language	Verb
470997	18.41	CALL	Speech and language	Verb
1505685	1.322	CALM	The physical world	Adjective
8069	3.78	CAMEL	Animals	Noun
480116	7.65	CAMP	The house	Noun
452618	23.54	CAN	Modern world	Noun
5592	7.46	CANDLE	The house	Noun
371969	23.565	CANDY	Modern world	Noun
911657	10.831	CANOE	Motion	Noun
5641	6.55	CAP	Clothing and grooming	Noun
684108	1.343	CAPE	The physical world	Noun
461214	20.47	CAPTIVE	Warfare and hunting	Noun
482	23.14	CAR	Modern world	Noun
7171	4.771	CARCASS	The body	Noun
447386	9.43	CARPENTER	Basic actions and technology	Noun
335263	10.61	CARRY	Motion	Verb
1527192	10.612	CARRY IN HAND	Motion	Verb
1527200	10.614	CARRY ON HEAD	Motion	Verb
1527196	10.613	CARRY ON SHOULDER	Motion	Verb
1527204	10.615	CARRY UNDER THE ARM	Motion	Verb
1240424	10.75	CART	Motion	Noun
1462598	9.81	CARVE	Basic actions and technology	Verb
395385	8.92	CASSAVA	Agriculture and vegetation	Noun
1421991	9.63	CAST	Basic actions and technology	Verb
5446	3.62	CAT	Animals	Noun
335306	10.252	CATCH	Motion	Verb
511	3.2	CATTLE	Animals	Noun
364159	17.42	CAUSE	Cognition	Noun
513	1.28	CAVE	The physical world	Noun
849510	14.28	CEASE	Time	Verb
915513	3.814	CENTIPEDE	Animals	Noun
157395	17.37	CERTAIN	Cognition	Adjective
6665	9.18	CHAIN	Basic actions and technology	Noun
6162	7.43	CHAIR	The house	Noun
640095	3.913	CHAMELEON	Animals	Noun
5547	12.93	CHANGE	Spatial relations	Verb
535	1.89	CHARCOAL	The physical world	Noun
8184	11.89	CHEAP	Possession	Adjective
7034	4.208	CHEEK	The body	Noun
6435	5.88	CHEESE	Food and drink	Noun
6532	4.4	CHEST	The body	Noun
1510493	5.18	CHEW	Food and drink	Verb
5778	3.55	CHICKEN	Animals	Noun
1508307	19.24	CHIEFTAIN	Social and political relations	Noun
568	2.27	CHILD	Kinship	Noun
7413	2.43	CHILD	Kinship	Noun
454216	2.6411	CHILD-IN-LAW	Kinship	Noun
392603	5.821	CHILI PEPPER	Food and drink	Noun
569	7.33	CHIMNEY	The house	Noun
6306	4.209	CHIN	The body	Noun
926391	9.84	CHISEL	Basic actions and technology	Noun
1260643	5.19	CHOKE	Food and drink	Verb
7084	16.622	CHOOSE	Emotions and values	Verb
1329931	9.222	CHOP	Basic actions and technology	Verb
587	22.131	CHURCH	Religion and belief	Noun
419443	23.59	CIGARETTE	Modern world	Noun
6135	12.82	CIRCLE	Spatial relations	Noun
1511141	22.5	CIRCUMCISION	Religion and belief	Noun
4418	19.37	CITIZEN	Social and political relations	Noun
492550	8.83	CITRUS FRUIT	Agriculture and vegetation	Noun
1508311	19.23	CLAN	Social and political relations	Noun
828398	4.345	CLAW	The body	Noun
599	9.73	CLAY	Basic actions and technology	Noun
335501	15.87	CLEAN	Sense perception	Adjective
425679	17.34	CLEAR	Cognition	Adjective
5722	16.84	CLEVER	Emotions and values	Adjective
4261	1.222	CLIFF	The physical world	Noun
479387	10.472	CLIMB	Motion	Verb
1510537	6.41	CLOAK	Clothing and grooming	Noun
5790	14.53	CLOCK	Time	Noun
6620	6.21	CLOTH	Clothing and grooming	Noun
8254	6.12	CLOTHES	Clothing and grooming	Noun
623	1.73	CLOUD	The physical world	Noun
713958	20.22	CLUB	Warfare and hunting	Noun
161851	6.43	COAT	Clothing and grooming	Noun
646	3.816	COCKROACH	Animals	Noun
419639	8.82	COCONUT	Agriculture and vegetation	Noun
5670	23.91	COFFEE	Modern world	Noun
8052	11.44	COIN	Possession	Noun
5639	15.86	COLD	Sense perception	Adjective
1178541	4.843	COLD	The body	Noun
971440	6.45	COLLAR	Clothing and grooming	Noun
953048	4.302	COLLARBONE	The body	Noun
661	15.61	COLOR	Sense perception	Noun
6157	6.91	COMB	Clothing and grooming	Noun
6056	10.48	COME	Motion	Verb
159011	10.481	COME BACK	Motion	Verb
957698	19.45	COMMAND	Social and political relations	Verb
474203	4.732	CONCEIVE	The body	Verb
155122	21.32	CONDEMN	Law	Verb
1506163	8.996	CONE	Agriculture and vegetation	Noun
422713	21.33	CONVICT	Law	Verb
479132	5.21	COOK	Food and drink	Verb
1505768	5.121	COOKED	Food and drink	Adjective
1510578	7.17	COOKHOUSE	The house	Noun
761	9.66	COPPER	Basic actions and technology	Noun
358081	3.597	CORMORANT	Animals	Noun
1404011	12.76	CORNER	Spatial relations	Noun
343500	4.77	CORPSE	The body	Noun
7026	16.73	CORRECT,RIGHT	Emotions and values	Adjective
781	6.24	COTTON	Clothing and grooming	Noun
373675	4.53	COUGH	The body	Verb
6026	13.107	COUNT	Quantity	Verb
5671	19.11	COUNTRY	Social and political relations	Noun
4578	21.15	COURT	Law	Noun
1017244	7.15	COURT	The house	Noun
6736	2.55	COUSIN	Kinship	Noun
342543	12.26	COVER	Spatial relations	Verb
432006	3.23	COW	Animals	Noun
388687	3.862	COYOTE	Animals	Noun
1168231	10.41	CRAWL	Motion	Verb
4568	23.37	CRIME	Modern world	Noun
791	3.97	CROCODILE	Animals	Noun
1507521	12.74	CROOKED	Spatial relations	Adjective
5908	12.77	CROSS	Spatial relations	Noun
1507443	10.413	CROUCH	Motion	Verb
388727	3.593	CROW	Animals	Noun
993922	13.19	CROWD	Quantity	Noun
632491	5.56	CRUSH	Food and drink	Verb
7709	16.37	CRY	Emotions and values	Verb
638225	8.15	CULTIVATE	Agriculture and vegetation	Verb
154685	5.35	CUP	Food and drink	Noun
156675	4.86	CURE	The body	Verb
1023517	22.24	CURSE	Religion and belief	Verb
707480	19.61	CUSTOM	Social and political relations	Noun
6043	9.22	CUT	Basic actions and technology	Verb
1510941	9.221	CUT DOWN	Basic actions and technology	Verb
485920	11.29	DAMAGE	Possession	Verb
8136	10.44	DANCE	Motion	Verb
158253	4.146	DANDRUFF	The body	Noun
7456	16.54	DANGER	Emotions and values	Noun
722783	16.51	DARE	Emotions and values	Verb
335607	15.63	DARK	Sense perception	Adjective
1025381	1.62	DARKNESS	The physical world	Noun
5881	2.42	DAUGHTER	Kinship	Noun
454163	2.64	DAUGHTER-IN-LAW	Kinship	Noun
454163	2.641	DAUGTHER-IN-LAW	Kinship	Noun
338616	14.43	DAWN	Time	Noun
5533	14.411	DAY	Time	Noun
5477	14.41	DAY	Time	Noun
528451	14.481	DAY AFTER TOMORROW	Time	Function word
528467	14.491	DAY BEFORE YESTERDAY	Time	Function word
6660	4.7501	DEAD	The body	Adjective
428203	4.95	DEAF	The body	Adjective
843	11.64	DEBT	Possession	Noun
1030671	16.68	DECEIT	Emotions and values	Noun
6535	12.67	DEEP	Spatial relations	Adjective
858	3.75	DEER	Animals	Noun
345406	20.42	DEFEAT	Warfare and hunting	Noun
5818	20.44	DEFEND	Warfare and hunting	Verb
442442	21.22	DEFENDANT	Law	Noun
915102	22.35	DEMON	Religion and belief	Noun
341655	18.34	DENY	Speech and language	Verb
980418	10.473	DESCEND,GO DOWN	Motion	Verb
155705	2.57	DESCENDANTS	Kinship	Noun
333618	11.27	DESTROY	Possession	Verb
921645	1.64	DEW	The physical world	Noun
6245	4.75	DIE	The body	Verb
159359	17.47	DIFFICULT	Cognition	Adjective
6024	8.22	DIG	Agriculture and vegetation	Verb
1510840	8.28	DIGGING STICK	Agriculture and vegetation	Noun
7654	5.44	DINNER	Food and drink	Noun
5483	15.88	DIRTY	Sense perception	Adjective
155161	10.491	DISAPPEAR	Motion	Verb
941	4.844	DISEASE	The body	Noun
154785	5.31	DISH	Food and drink	Noun
960	8.17	DITCH	Agriculture and vegetation	Noun
1235455	10.351	DIVE	Motion	Verb
486237	12.232	DIVIDE	Spatial relations	Verb
499844	2.341	DIVORCE	Kinship	Noun
351006	9.11	DO	Basic actions and technology	Verb
966	3.61	DOG	Animals	Noun
616807	3.662	DOLPHIN	Animals	Noun
8030	3.46	DONKEY	Animals	Noun
6430	7.22	DOOR	The house	Noun
1153341	7.221	DOORPOST	The house	Noun
5716	17.43	DOUBT	Cognition	Noun
1505807	5.53	DOUGH	Food and drink	Noun
7890	3.594	DOVE	Animals	Noun
5797	12.03	DOWN	Spatial relations	Function word
840722	9.9	DRAW WATER	Basic actions and technology	Verb
8448	4.62	DREAM	The body	Verb
154560	6.42	DRESS	Clothing and grooming	Noun
1505759	4.591	DRIBBLE	The body	Verb
339	5.9	DRINK	Food and drink	Noun
5991	5.13	DRINK	Food and drink	Verb
1510993	10.24	DRIP	Motion	Verb
340699	10.65	DRIVE	Motion	Verb
161564	23.34	DRIVER'S LICENSE	Modern world	Noun
348656	10.16	DROP	Motion	Verb
838127	4.751	DROWN	The body	Verb
386380	18.72	DRUM	Speech and language	Noun
6098	4.98	DRUNK	The body	Adjective
5989	15.84	DRY	Sense perception	Adjective
5886	3.57	DUCK	Animals	Noun
1009	1.213	DUST	The physical world	Noun
1335255	6.39	DYE	Clothing and grooming	Verb
838154	3.584	EAGLE	Animals	Noun
5510	4.22	EAR	The body	Noun
1048124	4.221	EARLOBE	The body	Noun
331892	14.16	EARLY	Time	Function word
339161	11.79	EARN	Possession	Verb
344234	6.77	EARRING	Clothing and grooming	Noun
1019	1.45	EARTHQUAKE	The physical world	Noun
1071961	4.222	EARWAX	The body	Noun
8131	12.45	EAST	Spatial relations	Noun
333916	17.46	EASY	Cognition	Adjective
5827	5.11	EAT	Food and drink	Verb
366432	12.353	EDGE	Spatial relations	Noun
340828	5.97	EGG	Food and drink	Noun
7005	13.08	EIGHT	Quantity	Function word
422180	4.32	ELBOW	The body	Noun
1488304	23.38	ELECTION	Modern world	Noun
1109	23.17	ELECTRICITY	Modern world	Noun
5643	3.77	ELEPHANT	Animals	Noun
7006	13.101	ELEVEN	Quantity	Function word
444093	22.44	ELF	Religion and belief	Noun
718134	3.872	ELK	Animals	Noun
1124797	1.841	EMBERS	The physical world	Noun
395892	16.3	EMBRACE	Emotions and values	Verb
6659	13.22	EMPTY	Quantity	Adjective
340747	12.35	END	Spatial relations	Noun
340750	14.26	END	Time	Noun
5882	19.52	ENEMY	Social and political relations	Noun
8158	13.18	ENOUGH	Quantity	Function word
341348	10.57	ENTER	Motion	Verb
1086952	16.44	ENVY	Emotions and values	Noun
6671	14.46	EVENING	Time	Noun
5856	3.28	EWE	Animals	Noun
6036	11.88	EXPENSIVE	Possession	Adjective
6661	17.38	EXPLAIN	Cognition	Verb
1255943	1.861	EXTINGUISH	The physical world	Verb
5511	4.21	EYE	The body	Noun
523726	4.212	EYEBROW	The body	Noun
637874	4.214	EYELASH	The body	Noun
1046808	4.213	EYELID	The body	Noun
6410	4.204	FACE	The body	Noun
502976	22.44	FAIRY	Religion and belief	Noun
1176245	16.65	FAITHFUL	Emotions and values	Adjective
5622	10.23	FALL	Motion	Verb
1405	2.82	FAMILY	Kinship	Noun
1407	5.141	FAMINE	Food and drink	Noun
1510960	9.791	FAN	Basic actions and technology	Verb
912239	9.79	FAN	Basic actions and technology	Noun
5997	12.44	FAR	Spatial relations	Adverb
421671	8.11	FARMER	Agriculture and vegetation	Noun
515390	4.64	FART	The body	Verb
1508616	22.26	FAST	Religion and belief	Verb
6672	14.21	FAST	Time	Adverb
5624	5.791	FAT	Food and drink	Noun
5464	2.35	FATHER	Kinship	Noun
454081	2.61	FATHER-IN-LAW	Kinship	Noun
454081	2.611	FATHER-IN-LAW	Kinship	Noun
936030	2.512	FATHER'S BROTHER	Kinship	Noun
1372531	2.522	FATHER'S SISTER	Kinship	Noun
1153477	12.541	FATHOM	Spatial relations	Noun
622752	23.5	FAUCET	Modern world	Noun
1280872	16.76	FAULT	Emotions and values	Noun
345325	16.53	FEAR	Emotions and values	Noun
5436	4.393	FEATHER	The body	Noun
467089	15.72	FEEL	Sense perception	Verb
1510534	6.27	FELT	Clothing and grooming	Noun
6393	3.13	FEMALE	Animals	Adjective
6393	2.24	FEMALE	Kinship	Adjective
698534	8.16	FENCE	Agriculture and vegetation	Noun
1525942	5.94	FERMENTED DRINK	Food and drink	Noun
6347	4.841	FEVER	The body	Noun
5500	13.17	FEW	Quantity	Function word
1425	8.12	FIELD	Agriculture and vegetation	Noun
7010	13.103	FIFTEEN	Quantity	Function word
1510497	5.75	FIG	Food and drink	Noun
6030	20.11	FIGHT	Warfare and hunting	Verb
1425624	3.652	FIN	Animals	Noun
336790	11.32	FIND	Possession	Verb
1444	21.38	FINE	Law	Noun
5675	4.34	FINGER	The body	Noun
5529	4.344	FINGERNAIL	The body	Noun
7146	14.27	FINISH	Time	Verb
843491	8.65	FIR	Agriculture and vegetation	Noun
1446	1.81	FIRE	The physical world	Noun
1415152	3.91	FIREFLY	Animals	Noun
1395201	7.31	FIREPLACE	The house	Noun
1024755	1.88	FIREWOOD	The physical world	Noun
338524	13.34	FIRST	Quantity	Function word
1460	3.65	FISH	Animals	Noun
1510877	8.96	FISH POISON	Agriculture and vegetation	Noun
1511114	20.55	FISH TRAP	Warfare and hunting	Noun
7928	20.51	FISHERMAN	Warfare and hunting	Noun
461552	20.52	FISHHOOK	Warfare and hunting	Noun
1048155	20.53	FISHING LINE	Warfare and hunting	Noun
1511110	20.54	FISHNET	Warfare and hunting	Noun
156104	13.05	FIVE	Quantity	Function word
376152	1.82	FLAME	The physical world	Noun
6680	12.71	FLAT	Spatial relations	Adjective
1476	3.813	FLEA	Animals	Noun
414377	10.51	FLEE	Motion	Verb
1539792	4.13	FLESH	The body	Noun
6457	10.34	FLOAT	Motion	Verb
6679	7.26	FLOOR	The house	Noun
6539	5.55	FLOUR	Food and drink	Noun
961244	10.32	FLOW	Motion	Verb
1487	8.57	FLOWER	Agriculture and vegetation	Noun
344824	18.71	FLUTE	Speech and language	Noun
6261	3.83	FLY	Animals	Noun
6052	10.37	FLY	Motion	Verb
6776	3.45	FOAL	Animals	Noun
7153	1.324	FOAM	The physical world	Noun
1502	1.74	FOG	The physical world	Noun
6146	9.15	FOLD	Basic actions and technology	Verb
471020	10.52	FOLLOW	Motion	Verb
1505	5.12	FOOD	Food and drink	Noun
5672	4.37	FOOT	The body	Noun
1510480	4.374	FOOTPRINT	The body	Noun
1527216	14.332	FOR A LONG TIME	Time	Function word
1157984	18.38	FORBID	Speech and language	Verb
1241509	4.205	FOREHEAD	The body	Noun
1533	1.41	FOREST	The physical world	Noun
1507103	9.61	FORGE	Basic actions and technology	Verb
6328	17.32	FORGET	Cognition	Verb
6336	16.69	FORGIVE	Emotions and values	Verb
5673	5.39	FORK	Food and drink	Noun
1526645	8.74	FORKED BRANCH	Agriculture and vegetation	Noun
859332	20.35	FORTRESS	Warfare and hunting	Noun
6253	13.04	FOUR	Quantity	Function word
1505737	3.5	FOWL	Animals	Noun
5726	3.74	FOX	Animals	Noun
1511050	15.25	FRAGRANT	Sense perception	Adjective
1511095	19.44	FREEMAN	Social and political relations	Noun
6042	1.775	FREEZE	The physical world	Verb
433736	3.665	FRESHWATER EEL	Animals	Noun
6988	14.67	FRIDAY	Time	Noun
5793	19.51	FRIEND	Social and political relations	Noun
1570	3.95	FROG	Animals	Noun
6280	5.71	FRUIT	Food and drink	Noun
425934	5.23	FRY	Food and drink	Verb
6040	13.21	FULL	Quantity	Adjective
1590	6.28	FUR	Clothing and grooming	Noun
7346	8.212	FURROW	Agriculture and vegetation	Noun
1601	8.13	GARDEN	Agriculture and vegetation	Noun
1525934	7.131	GARDEN-HOUSE	The house	Noun
6430	7.22	GATE	The house	Noun
1022541	12.21	GATHER	Spatial relations	Verb
334733	11.16	GET	Possession	Verb
525317	22.45	GHOST	Religion and belief	Noun
844061	3.654	GILL	Animals	Noun
6752	2.26	GIRL	Kinship	Noun
6059	11.21	GIVE	Possession	Verb
1160012	11.22	GIVE BACK	Possession	Verb
1656	9.74	GLASS	Basic actions and technology	Noun
369021	6.58	GLOVE	Clothing and grooming	Noun
46	9.56	GLUE	Basic actions and technology	Noun
334831	10.47	GO	Motion	Verb
480460	10.474	GO OUT	Motion	Verb
335553	10.471	GO UP	Motion	Verb
6257	3.36	GOAT	Animals	Noun
871639	22.12	GOD	Religion and belief	Noun
897615	4.842	GOITER	The body	Noun
5912	9.64	GOLD	Basic actions and technology	Noun
443659	16.71	GOOD	Emotions and values	Adjective
336810	16.18	GOOD LUCK	Emotions and values	Noun
534216	3.56	GOOSE	Animals	Noun
1526657	8.93	GOURD	Agriculture and vegetation	Noun
1511088	19.31	GOVERN	Social and political relations	Verb
351462	23.3	GOVERNMENT	Modern world	Noun
1674	8.42	GRAIN	Agriculture and vegetation	Noun
6624	2.5	GRANDCHILD	Kinship	Noun
6628	2.49	GRANDDAUGHTER	Kinship	Noun
5953	2.46	GRANDFATHER	Kinship	Noun
6247	2.47	GRANDMOTHER	Kinship	Noun
1510376	2.4711	GRANDPARENTS	Kinship	Noun
6627	2.48	GRANDSON	Kinship	Noun
393668	5.76	GRAPE	Food and drink	Noun
992756	11.14	GRASP	Possession	Verb
1675	8.51	GRASS	Agriculture and vegetation	Noun
1510547	6.461	GRASS-SKIRT	Clothing and grooming	Noun
1677	3.93	GRASSHOPPER	Animals	Noun
7187	4.79	GRAVE	The body	Noun
1510501	5.791	GREASE	Food and drink	Noun
983313	16.83	GREEDY	Emotions and values	Adjective
6032	15.68	GREEN	Sense perception	Adjective
6858	16.32	GRIEF	Emotions and values	Noun
441895	5.56	GRIND	Food and drink	Verb
336417	16.39	GROAN	Emotions and values	Verb
154737	12.53	GROW	Spatial relations	Verb
866813	20.471	GUARD	Warfare and hunting	Noun
8518	17.171	GUESS	Cognition	Verb
7254	19.56	GUEST	Social and political relations	Noun
692374	21.35	GUILTY	Law	Adjective
1295456	4.271	GUMS	The body	Noun
6428	20.28	GUN	Warfare and hunting	Noun
5824	4.461	GUTS	The body	Noun
446278	4.14	HAIR	The body	Noun
352085	13.24	HALF	Quantity	Noun
6183	9.49	HAMMER	Basic actions and technology	Noun
987151	7.66	HAMMOCK	The house	Noun
5616	4.33	HAND	The body	Noun
436343	6.81	HANDKERCHIEF	Clothing and grooming	Noun
1510949	9.341	HANG UP	Basic actions and technology	Verb
6246	16.23	HAPPY	Emotions and values	Adjective
8173	15.74	HARD	Sense perception	Adjective
535092	3.863	HARE	Animals	Noun
1722	8.41	HARVEST	Agriculture and vegetation	Noun
344283	6.55	HAT	Clothing and grooming	Noun
6573	16.41	HATE	Emotions and values	Verb
344354	11.11	HAVE	Possession	Verb
7269	4.67	HAVE SEX	The body	Verb
1510384	3.585	HAWK	Animals	Noun
1510854	8.52	HAY	Agriculture and vegetation	Noun
5454	2.931	HE	Kinship	Function word
1505730	3.37	HE-GOAT	Animals	Noun
1505714	2.93	HE/SHE/IT	Kinship	Function word
5527	4.2	HEAD	The body	Noun
1510396	3.811	HEAD LOUSE	Animals	Noun
1510556	6.78	HEADBAND	Clothing and grooming	Noun
1510560	6.78	HEADDRESS	Clothing and grooming	Noun
5901	4.83	HEALTHY	The body	Adjective
5999	15.41	HEAR	Sense perception	Verb
5475	4.44	HEART	The body	Noun
6426	22.31	HEAVEN	Religion and belief	Noun
5451	15.81	HEAVY	Sense perception	Adjective
422122	4.372	HEEL	The body	Noun
372550	22.32	HELL	Religion and belief	Noun
691679	20.33	HELMET	Warfare and hunting	Noun
830463	19.58	HELP	Social and political relations	Verb
6311	3.54	HEN	Animals	Noun
1505722	3.18	HERDSMAN	Animals	Noun
1287831	24.09	HERE	Miscellaneous function words	Function word
342235	3.583	HERON	Animals	Noun
1339563	4.521	HICCOUGH	The body	Verb
161806	12.27	HIDE	Spatial relations	Verb
1505751	4.12	HIDE	The body	Noun
5562	12.31	HIGH	Spatial relations	Adjective
1769	1.354	HIGH TIDE	The physical world	Noun
1772	1.22	HILL	The physical world	Noun
707216	4.463	HIP	The body	Noun
362921	11.77	HIRE	Possession	Verb
6044	9.21	HIT	Basic actions and technology	Verb
1506109	8.25	HOE	Agriculture and vegetation	Noun
6060	11.15	HOLD	Possession	Verb
6857	12.85	HOLE	Spatial relations	Noun
1101921	9.461	HOLLOW OUT	Basic actions and technology	Verb
700133	22.19	HOLY	Religion and belief	Adjective
404630	5.84	HONEY	Food and drink	Noun
461013	12.75	HOOK	Spatial relations	Noun
475239	16.63	HOPE	Emotions and values	Verb
401769	18.73	HORN	Speech and language	Noun
5981	4.17	HORN	The body	Noun
1780	3.41	HORSE	Animals	Noun
1782	23.2	HOSPITAL	Modern world	Noun
638743	19.57	HOST	Social and political relations	Noun
5637	15.85	HOT	Sense perception	Adjective
5874	14.51	HOUR	Time	Noun
5517	7.12	HOUSE	The house	Noun
5494	17.61	HOW	Cognition	Function word
353440	17.62	HOW MANY	Cognition	Function word
158133	17.63	HOW MUCH	Cognition	Function word
158088	18.19	HOWL	Speech and language	Verb
6685	13.105	HUNDRED	Quantity	Function word
6046	20.61	HUNT	Warfare and hunting	Verb
341511	14.23	HURRY	Time	Verb
5432	2.31	HUSBAND	Kinship	Noun
691328	7.13	HUT	The house	Noun
5450	2.91	I	Kinship	Function word
1837	1.77	ICE	The physical world	Noun
6580	17.19	IDEA	Cognition	Noun
871642	22.37	IDOL	Religion and belief	Noun
6076	17.53	IF	Cognition	Function word
1229900	17.172	IMITATE	Cognition	Verb
904194	14.19	IMMEDIATELY	Time	Function word
6077	12.012	IN	Spatial relations	Function word
8160	12.041	IN FRONT OF	Spatial relations	Function word
872499	22.51	INITIATION CEREMONY	Religion and belief	Noun
743982	23.23	INJECTION	Modern world	Noun
1092621	11.28	INJURE	Possession	Verb
1162733	21.36	INNOCENT	Law	Adjective
1959	3.81	INSECT	Animals	Noun
6571	12.05	INSIDE	Spatial relations	Function word
516310	17.41	INTENTION	Cognition	Noun
950344	4.461	INTESTINES	The body	Noun
6588	19.565	INVITE	Social and political relations	Verb
2024	9.67	IRON	Basic actions and technology	Noun
2031	1.25	ISLAND	The physical world	Noun
1370660	2.933	IT	Kinship	Function word
1311851	4.854	ITCH	The body	Noun
5513	3.9	JAGUAR	Animals	Noun
348120	4.207	JAW	The body	Noun
980918	16.44	JEALOUSY	Emotions and values	Noun
441479	6.72	JEWEL	Clothing and grooming	Noun
7069	12.22	JOIN	Spatial relations	Verb
365034	21.18	JUDGE	Law	Noun
4571	21.17	JUDGMENT	Law	Noun
1505778	5.34	JUG	Food and drink	Noun
7622	10.43	JUMP	Motion	Verb
1355026	3.88	KANGAROO	Animals	Noun
6163	11.17	KEEP	Possession	Verb
361382	5.27	KETTLE	Food and drink	Noun
6149	7.24	KEY	The house	Noun
500899	10.431	KICK	Motion	Verb
914854	3.38	KID	Animals	Noun
155634	4.451	KIDNEY	The body	Noun
6023	4.76	KILL	The body	Verb
6303	19.32	KING	Social and political relations	Noun
158442	16.29	KISS	Emotions and values	Verb
1505815	5.54	KNEAD	Food and drink	Verb
5918	4.36	KNEE	The body	Noun
1120420	10.412	KNEEL	Motion	Verb
5873	9.23	KNIFE	Basic actions and technology	Noun
5873	5.38	KNIFE	Food and drink	Noun
342406	9.192	KNOT	Basic actions and technology	Noun
6004	17.17	KNOW	Cognition	Verb
6099	7.37	LADDER	The house	Noun
2058	1.341	LAGOON	The physical world	Noun
2061	1.33	LAKE	The physical world	Noun
352601	3.29	LAMB	Animals	Noun
1510490	4.94	LAME	The body	Adjective
2062	7.45	LAMP	The house	Noun
846608	10.92	LAND	Motion	Verb
2063	1.21	LAND	The physical world	Noun
5713	18.24	LANGUAGE	Speech and language	Noun
1223914	8.991	LARCH	Agriculture and vegetation	Noun
1510846	8.29	LASSO	Agriculture and vegetation	Noun
6337	13.35	LAST	Quantity	Function word
533044	14.252	LAST	Time	Verb
433601	7.231	LATCH	The house	Noun
154705	14.17	LATE	Time	Function word
5876	16.25	LAUGH	Emotions and values	Verb
4549	21.11	LAW	Law	Noun
6424	4.92	LAZY	The body	Adjective
2119	9.68	LEAD	Basic actions and technology	Noun
1091895	10.64	LEAD	Motion	Verb
2124	8.56	LEAF	Agriculture and vegetation	Noun
157124	17.24	LEARN	Cognition	Verb
2126	6.29	LEATHER	Clothing and grooming	Noun
7092	10.49	LEAVE	Motion	Verb
1499731	12.42	LEFT	Spatial relations	Adjective
5665	4.35	LEG	The body	Noun
159035	11.61	LEND	Possession	Verb
476248	11.34	LET GO,SET FREE	Possession	Verb
6590	23.42	LETTER	Modern world	Noun
1077778	19.445	LIBERATE	Social and political relations	Verb
730404	23.35	LICENSE PLATE	Modern world	Noun
1510483	4.59	LICK	The body	Verb
161769	16.67	LIE	Emotions and values	Verb
6005	12.14	LIE	Spatial relations	Verb
1425860	12.14	LIE DOWN	Spatial relations	Verb
1419171	4.741	LIFE	The body	Noun
156785	10.22	LIFT	Motion	Verb
452743	15.82	LIGHT	Sense perception	Adjective
1502678	15.62	LIGHT	Sense perception	Adjective
1299599	1.86	LIGHT	The physical world	Verb
2158	1.61	LIGHT	The physical world	Noun
6811	1.55	LIGHTNING	The physical world	Noun
1511001	10.451	LIMP	Motion	Verb
451773	12.84	LINE	Spatial relations	Noun
389134	6.23	LINEN	Clothing and grooming	Noun
5961	3.72	LION	Animals	Noun
154710	4.25	LIP	The body	Noun
6576	15.42	LISTEN	Sense perception	Verb
478515	7.11	LIVE	The house	Verb
5476	4.45	LIVER	The body	Noun
2183	3.15	LIVESTOCK	Animals	Noun
2189	3.96	LIZARD	Animals	Noun
6546	7.23	LOCK	The house	Noun
5438	12.57	LONG	Spatial relations	Adjective
7550	15.52	LOOK	Sense perception	Verb
6142	11.31	LOOK FOR	Possession	Verb
7280	6.34	LOOM	Clothing and grooming	Noun
6832	11.33	LOSE	Possession	Verb
1511054	15.45	LOUD	Sense perception	Adjective
395193	16.27	LOVE	Emotions and values	Verb
336887	12.32	LOW	Spatial relations	Adjective
440739	1.353	LOW TIDE	The physical world	Noun
343542	5.43	LUNCH	Food and drink	Noun
334158	4.441	LUNG	The body	Noun
1309356	23.19	MACHINE	Modern world	Noun
833779	17.23	MAD	Cognition	Adjective
1511137	22.42	MAGIC	Religion and belief	Noun
1366616	23.4	MAIL	Modern world	Noun
1364993	1.26	MAINLAND	The physical world	Noun
157264	8.47	MAIZE	Agriculture and vegetation	Noun
339200	9.111	MAKE	Basic actions and technology	Verb
6396	3.12	MALE	Animals	Adjective
6396	2.23	MALE	Kinship	Adjective
6397	2.21	MAN	Kinship	Noun
395809	8.92	MANIOC	Agriculture and vegetation	Noun
1526633	5.983	MANIOC BREAD	Food and drink	Noun
155620	17.49	MANNER	Cognition	Noun
5423	13.15	MANY	Quantity	Function word
400028	3.44	MARE	Animals	Noun
2276	11.85	MARKET	Possession	Noun
1539796	2.38	MARRIED MAN	Kinship	Noun
1539812	2.39	MARRIED WOMAN	Kinship	Noun
1411401	2.33	MARRY	Kinship	Verb
372205	7.61	MASON	The house	Noun
1393299	10.87	MAST	Motion	Noun
1511091	19.41	MASTER	Social and political relations	Noun
1405241	9.77	MAT	Basic actions and technology	Noun
499237	1.87	MATCH	The physical world	Noun
1188104	23.53	MATTRESS	Modern world	Noun
403676	5.91	MEAD	Food and drink	Noun
6332	5.41	MEAL	Food and drink	Noun
626882	12.54	MEASURE	Spatial relations	Verb
2300	5.61	MEAT	Food and drink	Noun
5919	4.88	MEDICINE	The body	Noun
7643	19.65	MEET	Social and political relations	Verb
1510584	7.18	MEETING HOUSE	The house	Noun
1526639	7.16	MEN'S HOUSE	The house	Noun
470229	11.84	MERCHANT	Possession	Noun
1026415	14.45	MIDDAY	Time	Noun
475332	12.37	MIDDLE	Spatial relations	Noun
1166811	5.87	MILK	Food and drink	Verb
2358	5.86	MILK	Food and drink	Noun
2359	5.57	MILL	Food and drink	Noun
397763	8.911	MILLET	Agriculture and vegetation	Noun
6418	17.11	MIND	Cognition	Noun
155405	23.32	MINISTER	Modern world	Noun
520838	6.96	MIRROR	Clothing and grooming	Noun
1337987	20.63	MISS	Warfare and hunting	Verb
5651	16.77	MISTAKE	Emotions and values	Noun
451991	4.272	MOLAR TOOTH	The body	Noun
1507122	9.72	MOLD	Basic actions and technology	Verb
6992	14.63	MONDAY	Time	Noun
6408	11.43	MONEY	Possession	Noun
5870	3.76	MONKEY	Animals	Noun
5914	14.71	MONTH	Time	Noun
5729	1.53	MOON	The physical world	Noun
950694	13.16	MORE	Quantity	Function word
5840	14.44	MORNING	Time	Noun
1454028	5.58	MORTAR	Food and drink	Noun
703845	7.63	MORTAR	The house	Noun
6563	22.132	MOSQUE	Religion and belief	Noun
630453	3.832	MOSQUITO	Animals	Noun
5463	2.36	MOTHER	Kinship	Noun
452350	2.62	MOTHER-IN-LAW	Kinship	Noun
452350	2.621	MOTHER-IN-LAW	Kinship	Noun
936024	2.511	MOTHER'S BROTHER	Kinship	Noun
1372595	2.521	MOTHER'S SISTER	Kinship	Noun
1200	23.185	MOTOR	Modern world	Noun
2414	23.135	MOTORCYCLE	Modern world	Noun
2421	1.22	MOUNTAIN	The physical world	Noun
6237	3.63	MOUSE	Animals	Noun
332000	4.24	MOUTH	The body	Noun
343359	10.11	MOVE	Motion	Verb
1431	23.62	MOVIE	Modern world	Noun
1403529	8.32	MOW	Agriculture and vegetation	Verb
2428	1.214	MUD	The physical world	Noun
377499	3.47	MULE	Animals	Noun
1258410	18.16	MUMBLE	Speech and language	Verb
359371	21.42	MURDER	Law	Noun
2444	8.98	MUSHROOM	Agriculture and vegetation	Noun
2445	23.63	MUSIC	Modern world	Noun
6856	4.96	MUTE	The body	Adjective
156863	9.5	NAIL	Basic actions and technology	Noun
160368	4.99	NAKED	The body	Adjective
5995	18.28	NAME	Speech and language	Noun
5862	4.281	NAPE OF THE NECK	The body	Noun
5566	12.62	NARROW	Spatial relations	Adjective
1417428	4.232	NASAL MUCUS,SNOT	The body	Noun
1162698	19.12	NATIVE COUNTRY	Social and political relations	Noun
7690	4.43	NAVEL	The body	Noun
869106	12.43	NEAR	Spatial relations	Adverb
1538973	17.45	NECESSITY	Cognition	Noun
5823	4.28	NECK	The body	Noun
900585	6.75	NECKLACE	Clothing and grooming	Noun
2497	17.45	NEED	Cognition	Noun
1506160	8.993	NEEDLE	Agriculture and vegetation	Noun
5951	6.36	NEEDLE	Clothing and grooming	Noun
5820	19.54	NEIGHBOUR	Social and political relations	Noun
454945	2.53	NEPHEW	Kinship	Noun
957309	3.58	NEST	Animals	Noun
1507431	9.78	NETBAG	Basic actions and technology	Noun
1072992	8.97	NETTLE	Agriculture and vegetation	Noun
6814	14.34	NEVER	Time	Function word
5484	14.13	NEW	Time	Adjective
5668	23.6	NEWSPAPER	Modern world	Noun
5875	24.12	NEXT	Miscellaneous function words	Function word
6735	2.54	NIECE	Kinship	Noun
5486	14.42	NIGHT	Time	Noun
6193	13.09	NINE	Quantity	Function word
348030	4.412	NIPPLE	The body	Noun
1505748	3.812	NIT	Animals	Noun
5568	17.56	NO	Cognition	Function word
154801	19.36	NOBLE	Social and political relations	Noun
5290	15.44	NOISE	Sense perception	Noun
6550	12.47	NORTH	Spatial relations	Noun
5471	4.23	NOSE	The body	Noun
527874	4.231	NOSTRIL	The body	Noun
5495	24.06	NOT	Miscellaneous function words	Function word
333997	24.14	NOTHING	Miscellaneous function words	Function word
5936	14.18	NOW	Time	Function word
5877	23.39	NUMBER	Modern world	Noun
479578	23.21	NURSE	Modern world	Noun
1403728	5.77	NUT	Food and drink	Noun
2597	8.61	OAK	Agriculture and vegetation	Noun
701390	21.25	OATH	Law	Noun
1111216	8.46	OATS	Agriculture and vegetation	Noun
6686	19.46	OBEY	Social and political relations	Verb
7140	17.35	OBSCURE	Cognition	Adjective
2608	1.329	OCEAN	The physical world	Noun
7834	14.32	OFTEN	Time	Function word
6195	5.79	OIL	Food and drink	Noun
848858	6.94	OINTMENT	Clothing and grooming	Noun
5482	14.15	OLD	Time	Adjective
1526622	2.461	OLD MAN	Kinship	Noun
385678	2.471	OLD WOMAN	Kinship	Noun
7130	2.444	OLDER BROTHER	Kinship	Noun
1526616	2.4561	OLDER SIBLING	Kinship	Noun
7129	2.454	OLDER SISTER	Kinship	Noun
512617	5.78	OLIVE	Food and drink	Noun
1192008	22.47	OMEN	Religion and belief	Noun
6244	13.01	ONE	Quantity	Function word
6485	13.33	ONLY	Quantity	Function word
513017	12.24	OPEN	Spatial relations	Verb
1510392	3.622	OPOSSUM	Animals	Noun
433943	17.54	OR	Cognition	Function word
493103	19.45	ORDER	Social and political relations	Verb
391992	6.71	ORNAMENT	Clothing and grooming	Noun
509527	2.75	ORPHAN	Kinship	Noun
1406403	24.11	OTHER	Miscellaneous function words	Function word
1527208	10.832	OUTRIGGER	Motion	Noun
342558	12.06	OUTSIDE	Spatial relations	Function word
5053	5.25	OVEN	Food and drink	Noun
1511021	11.63	OWE	Possession	Verb
339205	3.596	OWL	Animals	Noun
333811	11.12	OWN	Possession	Verb
518788	3.22	OX	Animals	Noun
1478129	10.851	PADDLE	Motion	Noun
1506100	8.121	PADDY	Agriculture and vegetation	Noun
1510588	7.232	PADLOCK	The house	Noun
7257	16.31	PAIN	Emotions and values	Noun
2709	9.88	PAINT	Basic actions and technology	Noun
959903	9.89	PAINT	Basic actions and technology	Verb
8187	13.37	PAIR	Quantity	Noun
529277	4.331	PALM OF THE HAND	The body	Noun
528656	8.81	PALM TREE	Agriculture and vegetation	Noun
1071911	5.28	PAN	Food and drink	Noun
2713	18.56	PAPER	Speech and language	Noun
157257	2.37	PARENTS	Kinship	Noun
1510380	2.622	PARENTS-IN-LAW	Kinship	Noun
374495	3.592	PARROT	Animals	Noun
345219	13.23	PART	Quantity	Noun
2725	3.16	PASTURE	Animals	Noun
4382	10.72	PATH	Motion	Noun
336535	11.65	PAY	Possession	Verb
5839	20.14	PEACE	Warfare and hunting	Noun
1505825	5.46	PEEL	Food and drink	Verb
1510964	9.91	PEG	Basic actions and technology	Noun
347193	18.57	PEN	Speech and language	Noun
541549	21.37	PENALTY	Law	Noun
5473	4.492	PENIS	The body	Noun
345923	19.21	PEOPLE	Social and political relations	Noun
5960	5.82	PEPPER	Food and drink	Noun
7328	21.47	PERJURY	Law	Noun
431335	19.47	PERMIT	Social and political relations	Verb
333730	2.1	PERSON	Kinship	Noun
1250941	4.55	PERSPIRE,SWEAT	The body	Verb
1454217	5.59	PESTLE	Food and drink	Noun
2761	23.195	PETROLEUM	Modern world	Noun
161474	4.87	PHYSICIAN	The body	Noun
1511027	12.212	PICK UP	Spatial relations	Verb
160850	13.231	PIECE	Quantity	Noun
5836	3.35	PIG	Animals	Noun
646056	12.213	PILE UP	Spatial relations	Verb
1511151	23.22	PILL	Modern world	Noun
447708	7.421	PILLOW	The house	Noun
1116679	6.63	PIN	Clothing and grooming	Noun
1511058	15.712	PINCH	Sense perception	Verb
706003	8.64	PINE	Agriculture and vegetation	Noun
489864	8.691	PIPE	Agriculture and vegetation	Noun
160433	4.65	PISS	The body	Verb
1238556	5.34	PITCHER	Food and drink	Noun
1510832	8.26	PITCHFORK	Agriculture and vegetation	Noun
503503	16.35	PITY	Emotions and values	Noun
337267	12.11	PLACE	Spatial relations	Noun
2813	1.23	PLAIN	The physical world	Noun
992256	21.21	PLAINTIFF	Law	Noun
1510567	6.921	PLAIT	Clothing and grooming	Noun
703135	9.75	PLAIT/BRAID,WEAVE	Basic actions and technology	Verb
619975	8.531	PLANT	Agriculture and vegetation	Verb
2836	8.53	PLANT	Agriculture and vegetation	Noun
2840	23.57	PLASTIC	Modern world	Noun
154781	5.32	PLATE	Food and drink	Noun
6010	16.26	PLAY	Emotions and values	Verb
996296	19.63	PLOT	Social and political relations	Noun
845139	8.21	PLOUGH	Agriculture and vegetation	Verb
7816	6.61	POCKET	Clothing and grooming	Noun
448577	18.67	POET	Speech and language	Noun
1511031	12.352	POINTED	Spatial relations	Adjective
2847	4.89	POISON	The body	Noun
1506095	7.56	POLE	The house	Noun
2852	23.33	POLICE	Modern world	Noun
1510543	6.411	PONCHO	Clothing and grooming	Noun
6897	11.52	POOR	Possession	Adjective
1210547	3.662	PORPOISE	Animals	Noun
1717	10.91	PORT	Motion	Noun
1506091	7.56	POST	The house	Noun
161415	23.41	POSTAGE STAMP	Modern world	Noun
624787	23.43	POSTCARD	Modern world	Noun
6086	5.26	POT	Food and drink	Noun
160661	5.7	POTATO	Food and drink	Noun
1510957	9.71	POTTER	Basic actions and technology	Noun
1510937	9.211	POUND	Basic actions and technology	Verb
621011	9.35	POUR	Basic actions and technology	Verb
695465	16.79	PRAISE	Emotions and values	Noun
1486478	3.833	PRAWNS	Animals	Noun
1056622	22.17	PRAY	Religion and belief	Verb
1509379	22.22	PREACH	Religion and belief	Verb
1875	1.222	PRECIPICE	The physical world	Noun
489482	4.73	PREGNANT	The body	Adjective
956366	11.24	PRESERVE	Possession	Verb
381596	23.31	PRESIDENT	Modern world	Noun
842520	9.342	PRESS	Basic actions and technology	Verb
6391	19.59	PREVENT	Social and political relations	Verb
2959	11.87	PRICE	Possession	Noun
360238	22.18	PRIEST	Religion and belief	Noun
5623	21.39	PRISON	Law	Noun
461201	20.47	PRISONER	Warfare and hunting	Noun
6898	18.36	PROMISE	Speech and language	Verb
658684	19.72	PROSTITUTE	Social and political relations	Noun
1374507	16.48	PROUD	Emotions and values	Adjective
1073333	4.145	PUBIC HAIR	The body	Noun
6071	9.33	PULL	Basic actions and technology	Verb
366683	8.931	PUMPKIN	Agriculture and vegetation	Noun
1511126	21.37	PUNISHMENT	Law	Noun
341470	17.26	PUPIL	Cognition	Noun
450119	10.53	PURSUE	Motion	Verb
745553	4.857	PUS	The body	Noun
6068	10.67	PUSH	Motion	Verb
429615	12.12	PUT	Spatial relations	Verb
1335540	6.11	PUT ON	Clothing and grooming	Verb
8235	3.865	QUAIL	Animals	Noun
7805	19.62	QUARREL	Social and political relations	Noun
5708	19.33	QUEEN	Social and political relations	Noun
5759	15.46	QUIET	Sense perception	Adjective
501465	3.614	RABBIT	Animals	Noun
354847	3.866	RACCOON	Animals	Noun
5767	23.1	RADIO	Modern world	Noun
6853	10.84	RAFT	Motion	Noun
355194	7.54	RAFTER	The house	Noun
1510563	6.81	RAG	Clothing and grooming	Noun
3100	1.75	RAIN	The physical world	Noun
7041	1.59	RAINBOW	The physical world	Noun
5772	10.22	RAISE	Motion	Verb
1510836	8.27	RAKE	Agriculture and vegetation	Noun
5855	3.26	RAM	Animals	Noun
413697	21.44	RAPE	Law	Noun
6233	3.63	RAT	Animals	Noun
1508303	18.74	RATTLE	Speech and language	Noun
899678	5.122	RAW	Food and drink	Adjective
1318581	6.93	RAZOR	Clothing and grooming	Noun
337421	18.52	READ	Speech and language	Verb
346236	14.29	READY	Time	Adjective
1333710	15.66	RED	Sense perception	Adjective
3138	1.342	REEF	The physical world	Noun
1103325	18.37	REFUSE	Speech and language	Verb
8110	16.34	REGRET	Emotions and values	Verb
812111	3.871	REINDEER	Animals	Noun
6740	2.81	RELATIVES	Kinship	Noun
3175	22.11	RELIGION	Religion and belief	Noun
423795	12.16	REMAIN	Spatial relations	Verb
357288	12.17	REMAINS	Spatial relations	Noun
335793	17.31	REMEMBER	Cognition	Verb
963523	11.25	RESCUE	Possession	Verb
1366972	4.912	REST	The body	Verb
1536730	20.45	RETREAT	Warfare and hunting	Verb
1300468	10.58	RETURN HOME	Motion	Verb
348225	4.162	RIB	The body	Noun
395506	8.48	RICE	Agriculture and vegetation	Noun
336015	11.51	RICH	Possession	Adjective
1511006	10.66	RIDE	Motion	Verb
1506083	7.53	RIDGEPOLE	The house	Noun
436024	12.41	RIGHT	Spatial relations	Adjective
5931	6.73	RING	Clothing and grooming	Noun
1378364	5.123	RIPE	Food and drink	Adjective
630856	10.21	RISE	Motion	Verb
3253	1.36	RIVER	The physical world	Noun
3258	10.71	ROAD	Motion	Noun
903088	5.23	ROAST	Food and drink	Verb
3266	1.44	ROCK	The physical world	Noun
354681	10.15	ROLL	Motion	Verb
344031	7.51	ROOF	The house	Noun
6065	7.21	ROOM	The house	Noun
6308	3.52	ROOSTER	Animals	Noun
3269	8.54	ROOT	Agriculture and vegetation	Noun
5465	9.19	ROPE	Basic actions and technology	Noun
7031	5.125	ROTTEN	Food and drink	Adjective
846773	15.76	ROUGH	Sense perception	Adjective
1505691	1.323	ROUGH	The physical world	Adjective
5984	12.81	ROUND	Spatial relations	Adjective
7808	10.852	ROW	Motion	Verb
6062	9.31	RUB	Basic actions and technology	Verb
1192505	10.86	RUDDER	Motion	Noun
1507427	9.771	RUG	Basic actions and technology	Noun
7797	19.31	RULE	Social and political relations	Verb
6323	10.46	RUN	Motion	Verb
1054188	8.45	RYE	Agriculture and vegetation	Noun
479450	22.15	SACRIFICE	Religion and belief	Noun
345771	10.88	SAIL	Motion	Noun
345774	10.36	SAIL	Motion	Verb
5599	5.81	SALT	Food and drink	Noun
475116	15.36	SALTY	Sense perception	Adjective
1407061	24.13	SAME	Miscellaneous function words	Function word
3305	1.215	SAND	The physical world	Noun
1167672	3.831	SANDFLY	Animals	Noun
1510865	8.76	SAP	Agriculture and vegetation	Noun
6994	14.68	SATURDAY	Time	Noun
1505792	5.36	SAUCER	Food and drink	Noun
8105	5.63	SAUSAGE	Food and drink	Noun
1505696	1.411	SAVANNA	The physical world	Noun
876531	9.48	SAW	Basic actions and technology	Noun
6075	18.22	SAY	Speech and language	Verb
1505745	3.653	SCALE	Animals	Noun
156420	4.858	SCAR	The body	Noun
3320	17.28	SCHOOL	Cognition	Noun
5807	9.24	SCISSORS	Basic actions and technology	Noun
1508300	18.39	SCOLD	Speech and language	Verb
636601	3.815	SCORPION	Animals	Noun
7152	5.48	SCRAPE	Food and drink	Verb
6047	4.8541	SCRATCH	The body	Verb
741510	23.55	SCREW	Modern world	Noun
356932	23.555	SCREWDRIVER	Modern world	Noun
388881	9.82	SCULPTOR	Basic actions and technology	Noun
1050369	8.33	SCYTHE	Agriculture and vegetation	Noun
6154	1.32	SEA	The physical world	Noun
412090	3.582	SEAGULL	Animals	Noun
3345	14.78	SEASON	Time	Noun
5958	13.36	SECOND	Quantity	Function word
486825	17.36	SECRET	Cognition	Adjective
6003	15.51	SEE	Sense perception	Verb
3361	8.311	SEED	Agriculture and vegetation	Noun
6326	17.18	SEEM	Cognition	Verb
6439	11.82	SELL	Possession	Verb
493075	10.63	SEND	Motion	Verb
5883	12.23	SEPARATE	Spatial relations	Verb
1504891	19.43	SERVANT	Social and political relations	Noun
7004	13.07	SEVEN	Quantity	Function word
6073	6.35	SEW	Clothing and grooming	Verb
5966	1.63	SHADE	The physical world	Noun
839866	10.26	SHAKE	Motion	Verb
1404411	12.68	SHALLOW	Spatial relations	Adjective
719675	16.45	SHAME	Emotions and values	Noun
374731	11.91	SHARE	Possession	Verb
481253	3.661	SHARK	Animals	Noun
5987	15.78	SHARP	Sense perception	Adjective
7667	2.932	SHE	Kinship	Function word
1510945	9.24	SHEARS	Basic actions and technology	Noun
5819	3.25	SHEEP	Animals	Noun
340859	7.47	SHELF	The house	Noun
161542	3.655	SHELL	Animals	Noun
456348	20.34	SHIELD	Warfare and hunting	Noun
335797	15.56	SHINE	Sense perception	Verb
3403	10.81	SHIP	Motion	Noun
6654	6.44	SHIRT	Clothing and grooming	Noun
332137	4.66	SHIT	The body	Verb
1106980	4.68	SHIVER	The body	Verb
5948	6.51	SHOE	Clothing and grooming	Noun
372056	6.54	SHOEMAKER	Clothing and grooming	Noun
522875	20.62	SHOOT	Warfare and hunting	Verb
3409	11.86	SHOP	Possession	Noun
1201459	1.27	SHORE	The physical world	Noun
6746	12.59	SHORT	Spatial relations	Adjective
6186	4.3	SHOULDER	The body	Noun
1372842	4.301	SHOULDERBLADE	The body	Noun
336249	18.13	SHOUT	Speech and language	Verb
8359	8.24	SHOVEL	Agriculture and vegetation	Noun
446099	15.55	SHOW	Sense perception	Verb
1508293	18.18	SHRIEK	Speech and language	Verb
448880	12.25	SHUT	Spatial relations	Verb
6732	2.456	SIBLING	Kinship	Noun
765010	2.6412	SIBLING-IN-LAW	Kinship	Noun
1373556	2.541	SIBLING'S CHILD	Kinship	Noun
7800	4.84	SICK	The body	Adjective
1510850	8.33	SICKLE	Agriculture and vegetation	Noun
333652	12.36	SIDE	Spatial relations	Noun
1160828	5.47	SIEVE	Food and drink	Verb
673408	6.25	SILK	Clothing and grooming	Noun
3424	9.65	SILVER	Basic actions and technology	Noun
6406	12.92	SIMILAR	Spatial relations	Adjective
5540	18.12	SING	Speech and language	Verb
389091	23.51	SINK	Modern world	Noun
474485	10.33	SINK	Motion	Verb
5544	2.45	SISTER	Kinship	Noun
6022	12.13	SIT	Spatial relations	Verb
7003	13.06	SIX	Quantity	Function word
1507419	9.29	SKIN	Basic actions and technology	Verb
3430	4.12	SKIN	The body	Noun
6552	6.46	SKIRT	Clothing and grooming	Noun
6568	4.202	SKULL	The body	Noun
7039	1.51	SKY	The physical world	Noun
350300	19.42	SLAVE	Social and political relations	Noun
1043216	10.79	SLED	Motion	Noun
1511010	10.79	SLEDGE	Motion	Noun
6519	4.61	SLEEP	The body	Verb
1511106	20.23	SLING	Warfare and hunting	Noun
5791	10.42	SLIP	Motion	Verb
335287	14.22	SLOW	Time	Adverb
5509	12.56	SMALL	Spatial relations	Adjective
6521	15.21	SMELL	Sense perception	Verb
6520	15.22	SMELL	Sense perception	Verb
6067	16.251	SMILE	Emotions and values	Verb
6968	8.69	SMOKE	Agriculture and vegetation	Verb
3451	1.83	SMOKE	The physical world	Noun
5487	15.77	SMOOTH	Sense perception	Adjective
638694	3.94	SNAIL	Animals	Noun
3388	3.85	SNAKE	Animals	Noun
665334	4.54	SNEEZE	The body	Verb
1511046	15.212	SNIFF	Sense perception	Verb
935932	4.612	SNORE	The body	Verb
3455	1.76	SNOW	The physical world	Noun
1478056	6.98	SNOWSHOE	Clothing and grooming	Noun
3458	6.95	SOAP	Clothing and grooming	Noun
6327	6.49	SOCK	Clothing and grooming	Noun
7907	15.75	SOFT	Sense perception	Adjective
5481	1.212	SOIL	The physical world	Noun
867170	20.17	SOLDIER	Warfare and hunting	Noun
5499	13.181	SOME	Quantity	Function word
6387	14.33	SOMETIMES	Time	Function word
6634	2.41	SON	Kinship	Noun
454149	2.63	SON-IN-LAW	Kinship	Noun
454149	2.631	SON-IN-LAW	Kinship	Noun
476597	23.64	SONG	Modern world	Noun
335437	14.331	SOON	Time	Function word
353553	22.43	SORCERER	Religion and belief	Noun
1103925	4.85	SORE	The body	Noun
1510873	8.911	SORGHUM	Agriculture and vegetation	Noun
349815	16.11	SOUL	Emotions and values	Noun
7469	15.44	SOUND	Sense perception	Noun
6390	5.64	SOUP	Food and drink	Noun
838324	15.38	SOUR	Sense perception	Adjective
6542	12.48	SOUTH	Spatial relations	Noun
341201	8.31	SOW	Agriculture and vegetation	Verb
5871	3.34	SOW	Animals	Noun
525509	8.23	SPADE	Agriculture and vegetation	Noun
6656	18.21	SPEAK	Speech and language	Verb
408915	20.26	SPEAR	Warfare and hunting	Noun
8320	23.24	SPECTACLES	Modern world	Noun
4834	18.222	SPEECH	Speech and language	Noun
3588	3.818	SPIDER	Animals	Noun
456539	3.819	SPIDER WEB	Animals	Noun
1240334	6.31	SPIN	Clothing and grooming	Verb
1505839	6.32	SPINDLE	Clothing and grooming	Noun
348411	4.191	SPINE	The body	Noun
1107036	16.11	SPIRIT	Emotions and values	Noun
6051	4.56	SPIT	The body	Verb
1510997	10.352	SPLASH	Motion	Verb
706908	4.452	SPLEEN	The body	Noun
6048	9.27	SPLIT	Basic actions and technology	Verb
5944	5.37	SPOON	Food and drink	Noun
1083572	9.34	SPREAD OUT	Basic actions and technology	Verb
3596	1.37	SPRING	The physical world	Noun
6360	14.75	SPRING	Time	Noun
3599	12.78	SQUARE	Spatial relations	Noun
6017	9.343	SQUEEZE	Basic actions and technology	Verb
666598	3.869	SQUIRREL	Animals	Noun
6045	9.223	STAB	Basic actions and technology	Verb
3602	3.19	STABLE	Animals	Noun
399816	3.42	STALLION	Animals	Noun
6053	12.15	STAND	Spatial relations	Verb
6041	1.54	STAR	The physical world	Noun
430779	9.83	STATUE	Basic actions and technology	Noun
336072	21.51	STEAL	Law	Verb
539987	1.831	STEAM	The physical world	Noun
454184	2.74	STEPDAUGHTER	Kinship	Noun
1480565	2.71	STEPFATHER	Kinship	Noun
1480454	2.72	STEPMOTHER	Kinship	Noun
454195	2.73	STEPSON	Kinship	Noun
8401	3.664	STINGRAY	Animals	Noun
719375	11.54	STINGY	Possession	Adjective
1089734	15.26	STINKING	Sense perception	Adjective
334889	5.49	STIR	Food and drink	Verb
1510550	6.49	STOCKING	Clothing and grooming	Noun
352530	4.46	STOMACH	The body	Noun
3633	1.44	STONE	The physical world	Noun
341452	11.86	STORE	Possession	Noun
3635	1.58	STORM	The physical world	Noun
3637	7.32	STOVE	The house	Noun
5994	12.73	STRAIGHT	Spatial relations	Adjective
346995	19.55	STRANGER	Social and political relations	Noun
411075	1.36	STREAM	The physical world	Noun
5895	23.395	STREET	Modern world	Noun
1425791	9.32	STRETCH	Basic actions and technology	Verb
1510934	9.21	STRIKE	Basic actions and technology	Verb
345510	4.81	STRONG	The body	Adjective
8498	17.242	STUDY	Cognition	Verb
6322	17.22	STUPID	Cognition	Adjective
8041	18.211	STUTTER	Speech and language	Verb
6027	5.16	SUCK	Food and drink	Verb
3664	5.85	SUGAR	Food and drink	Noun
1310853	8.941	SUGAR CANE	Agriculture and vegetation	Noun
5848	14.76	SUMMER	Time	Noun
5850	1.52	SUN	The physical world	Noun
6993	14.62	SUNDAY	Time	Noun
7654	5.45	SUPPER	Food and drink	Noun
6444	16.15	SURPRISED	Emotions and values	Adjective
699169	20.46	SURRENDER	Warfare and hunting	Verb
7724	17.44	SUSPECT	Cognition	Verb
380335	5.181	SWALLOW	Food and drink	Verb
5069	1.38	SWAMP	The physical world	Noun
866158	21.24	SWEAR	Law	Verb
1466959	9.37	SWEEP	Basic actions and technology	Verb
336426	15.35	SWEET	Sense perception	Adjective
1336889	8.91	SWEET POTATO	Agriculture and vegetation	Noun
838114	4.853	SWELLING	The body	Noun
6050	10.35	SWIM	Motion	Verb
6350	20.27	SWORD	Warfare and hunting	Noun
7196	7.44	TABLE	The house	Noun
1511154	23.22	TABLET	Modern world	Noun
5468	4.18	TAIL	The body	Noun
374399	6.13	TAILOR	Clothing and grooming	Noun
7077	11.13	TAKE	Possession	Verb
335942	12.58	TALL	Spatial relations	Adjective
1501856	7.67	TAN	The house	Verb
1510404	3.99	TAPIR	Animals	Noun
1051228	15.31	TASTE	Sense perception	Verb
1130256	6.79	TATTOO	Clothing and grooming	Noun
3714	11.69	TAX	Possession	Noun
5927	23.9	TEA	Modern world	Noun
335855	17.25	TEACH	Cognition	Verb
445262	17.27	TEACHER	Cognition	Noun
704859	9.28	TEAR	Basic actions and technology	Verb
6805	16.38	TEAR	Emotions and values	Noun
5945	23.12	TELEPHONE	Modern world	Noun
7295	23.11	TELEVISION	Modern world	Noun
701342	18.221	TELL	Speech and language	Verb
388190	22.13	TEMPLE	Religion and belief	Noun
6567	4.201	TEMPLES	The body	Noun
6312	13.1	TEN	Quantity	Function word
502614	4.465	TENDON	The body	Noun
5770	7.14	TENT	The house	Noun
3747	3.834	TERMITES	Animals	Noun
348064	4.49	TESTICLES	The body	Noun
1149393	24.08	THAT	Miscellaneous function words	Function word
1506073	7.52	THATCH	The house	Noun
858309	24.1	THERE	Miscellaneous function words	Function word
352331	2.96	THEY	Kinship	Function word
5503	12.63	THICK	Spatial relations	Adjective
515549	21.52	THIEF	Law	Noun
348189	4.351	THIGH	The body	Noun
5990	12.65	THIN	Spatial relations	Adjective
339816	11.18	THING	Possession	Noun
6021	17.13	THINK	Cognition	Verb
6309	17.14	THINK	Cognition	Verb
7979	13.42	THIRD	Quantity	Function word
5458	24.07	THIS	Miscellaneous function words	Function word
5459	2.92	THOU	Kinship	Function word
7755	13.106	THOUSAND	Quantity	Function word
515580	6.38	THREAD	Clothing and grooming	Noun
539320	18.44	THREATEN	Speech and language	Verb
156096	13.03	THREE	Quantity	Function word
1527212	13.44	THREE TIMES	Quantity	Function word
1506115	8.34	THRESH	Agriculture and vegetation	Verb
1451560	8.35	THRESHING-FLOOR	Agriculture and vegetation	Noun
5861	4.29	THROAT	The body	Noun
1172828	24.05	THROUGH	Miscellaneous function words	Function word
6072	10.25	THROW	Motion	Verb
7250	4.342	THUMB	The body	Noun
509787	1.56	THUNDER	The physical world	Noun
6989	14.66	THURSDAY	Time	Noun
633535	3.835	TICK	Animals	Noun
3777	1.352	TIDE	The physical world	Noun
844574	9.16	TIE	Basic actions and technology	Verb
3779	14.11	TIME	Time	Noun
3780	9.69	TIN	Basic actions and technology	Noun
6493	23.54	TIN	Modern world	Noun
1510953	9.69	TINPLATE	Basic actions and technology	Noun
7117	4.91	TIRED	The body	Adjective
982997	5.49	TO MIX	Food and drink	Verb
402886	5.47	TO STRAIN	Food and drink	Verb
420209	8.68	TOBACCO	Agriculture and vegetation	Noun
5630	14.47	TODAY	Time	Function word
5969	4.38	TOE	The body	Noun
1444087	23.52	TOILET	Modern world	Noun
5808	14.48	TOMORROW	Time	Function word
1505799	5.391	TONGS	Food and drink	Noun
5440	4.26	TONGUE	The body	Noun
5894	9.422	TOOL	Basic actions and technology	Noun
5946	4.27	TOOTH	The body	Noun
709258	12.33	TOP	Spatial relations	Noun
844734	7.45	TORCH	The house	Noun
1510388	3.598	TOUCAN	Animals	Noun
8232	15.71	TOUCH	Sense perception	Verb
436437	6.82	TOWEL	Clothing and grooming	Noun
6890	20.36	TOWER	Warfare and hunting	Noun
5974	19.15	TOWN	Social and political relations	Noun
3812	11.83	TRADE	Possession	Verb
3834	23.155	TRAIN	Modern world	Noun
519501	20.65	TRAP	Warfare and hunting	Verb
464297	20.64	TRAP	Warfare and hunting	Noun
3854	8.6	TREE	Agriculture and vegetation	Noun
1490199	8.72	TREE STUMP	Agriculture and vegetation	Noun
1510861	8.73	TREE TRUNK	Agriculture and vegetation	Noun
1412223	7.48	TROUGH	The house	Noun
349559	6.48	TROUSERS	Clothing and grooming	Noun
344567	18.73	TRUMPET	Speech and language	Noun
7471	17.48	TRY	Cognition	Verb
6991	14.64	TUESDAY	Time	Noun
1507435	9.92	TUMPLINE	Basic actions and technology	Noun
6526	10.12	TURN	Motion	Verb
6055	10.13	TURN AROUND	Motion	Verb
1200609	3.98	TURTLE	Animals	Noun
7007	13.102	TWELVE	Quantity	Function word
7013	13.104	TWENTY	Quantity	Function word
6389	13.38	TWICE	Quantity	Function word
431713	2.458	TWINS	Kinship	Noun
1541116	10.17	TWIST	Motion	Verb
6248	13.02	TWO	Quantity	Function word
1329165	4.42	UDDER	The body	Noun
639024	16.82	UGLY	Emotions and values	Adjective
5806	2.51	UNCLE	Kinship	Noun
6356	17.16	UNDERSTAND	Cognition	Verb
899673	5.124	UNRIPE	Food and drink	Adjective
1510931	9.161	UNTIE	Basic actions and technology	Verb
6531	12.08	UP	Spatial relations	Function word
7685	4.493	VAGINA	The body	Noun
3938	1.24	VALLEY	The physical world	Noun
3953	5.65	VEGETABLES	Food and drink	Noun
510127	6.59	VEIL	Clothing and grooming	Noun
8471	4.151	VEIN	The body	Noun
345436	20.41	VICTORY	Warfare and hunting	Noun
3968	19.16	VILLAGE	Social and political relations	Noun
1510857	8.67	VINE	Agriculture and vegetation	Noun
5899	18.11	VOICE	Speech and language	Noun
5617	4.57	VOMIT	The body	Verb
531741	3.586	VULTURE	Animals	Noun
7687	4.494	VULVA	The body	Noun
487077	11.78	WAGES	Possession	Noun
415600	10.75	WAGON	Motion	Noun
692019	4.462	WAIST	The body	Noun
6557	4.63	WAKE UP	The body	Verb
6054	10.45	WALK	Motion	Verb
5663	19.25	WALKING STICK	Social and political relations	Noun
3989	7.27	WALL	The house	Noun
7258	16.62	WANT	Emotions and values	Verb
3990	20.13	WAR	Warfare and hunting	Noun
5485	15.851	WARM	Sense perception	Adjective
6069	9.36	WASH	Basic actions and technology	Verb
631360	3.823	WASP	Animals	Noun
4118	1.31	WATER	The physical world	Noun
4079	1.39	WATERFALL	The physical world	Noun
421112	1.35	WAVE	The physical world	Noun
5455	2.94	WE	Kinship	Function word
496889	2.942	WE EXCLUSIVE	Kinship	Function word
496905	2.941	WE INCLUSIVE	Kinship	Function word
6555	4.82	WEAK	The body	Adjective
4128	20.21	WEAPONS	Warfare and hunting	Noun
4129	1.78	WEATHER	The physical world	Noun
1280854	6.33	WEAVE	Clothing and grooming	Verb
5532	2.34	WEDDING	Kinship	Noun
6990	14.65	WEDNESDAY	Time	Noun
6145	14.61	WEEK	Time	Noun
478489	11.92	WEIGH	Possession	Verb
4138	1.37	WELL	The physical world	Noun
7537	12.46	WEST	Spatial relations	Noun
7027	15.83	WET	Sense perception	Adjective
4147	3.663	WHALE	Animals	Noun
5491	17.64	WHAT	Cognition	Function word
466721	8.43	WHEAT	Agriculture and vegetation	Noun
335923	10.76	WHEEL	Motion	Noun
5493	17.65	WHEN	Cognition	Function word
5492	17.66	WHERE	Cognition	Function word
1507439	9.93	WHETSTONE	Basic actions and technology	Noun
338269	17.67	WHICH	Cognition	Function word
934369	1.362	WHIRLPOOL	The physical world	Noun
1107650	18.15	WHISPER	Speech and language	Verb
440386	18.17	WHISTLE	Speech and language	Verb
5825	15.64	WHITE	Sense perception	Adjective
5490	17.68	WHO	Cognition	Function word
5572	17.69	WHY	Cognition	Function word
5502	12.61	WIDE	Spatial relations	Adjective
711582	2.76	WIDOW	Kinship	Noun
933133	2.77	WIDOWER	Kinship	Noun
5429	2.32	WIFE	Kinship	Noun
4160	1.72	WIND	The physical world	Noun
5932	7.25	WINDOW	The house	Noun
6329	5.92	WINE	Food and drink	Noun
5528	4.392	WING	The body	Noun
6147	14.74	WINTER	Time	Noun
6070	9.311	WIPE	Basic actions and technology	Verb
334990	17.21	WISE	Cognition	Adjective
353642	22.43	WITCH	Religion and belief	Noun
5844	24.04	WITH	Miscellaneous function words	Function word
6166	24.03	WITHOUT	Miscellaneous function words	Function word
506244	21.23	WITNESS	Law	Noun
158033	3.71	WOLF	Animals	Noun
4165	2.22	WOMAN	Kinship	Noun
348317	4.47	WOMB	The body	Noun
741520	1.43	WOOD	The physical world	Noun
4168	1.41	WOODS	The physical world	Noun
4174	6.22	WOOL	Clothing and grooming	Noun
6551	18.26	WORD	Speech and language	Noun
4228	9.12	WORK	Basic actions and technology	Noun
691207	23.58	WORKSHOP	Modern world	Noun
4181	1.1	WORLD	The physical world	Noun
5466	3.84	WORM	Animals	Noun
1505545	22.16	WORSHIP	Religion and belief	Verb
480931	4.85	WOUND	The body	Noun
483089	10.14	WRAP	Motion	Verb
1511065	15.89	WRINKLED	Sense perception	Adjective
348173	4.321	WRIST	The body	Noun
6891	18.51	WRITE	Speech and language	Verb
5971	16.74	WRONG	Emotions and values	Adjective
1526651	8.912	YAM	Agriculture and vegetation	Noun
339642	7.15	YARD	The house	Noun
441371	4.52	YAWN	The body	Verb
5478	14.73	YEAR	Time	Noun
6031	15.69	YELLOW	Sense perception	Adjective
5567	17.55	YES	Cognition	Function word
525186	14.49	YESTERDAY	Time	Function word
1031313	10.78	YOKE	Motion	Noun
6404	5.971	YOLK	Food and drink	Noun
5456	2.95	YOU ALL	Kinship	Function word
5445	14.14	YOUNG	Time	Adjective
1148249	2.251	YOUNG MAN	Kinship	Noun
1148254	2.261	YOUNG WOMAN	Kinship	Noun
7131	2.445	YOUNGER BROTHER	Kinship	Noun
1539816	2.4562	YOUNGER SIBLING	Kinship	Noun
7132	2.455	YOUNGER SISTER	Kinship	Noun
5653	13	ZERO	Quantity	Function word
6816	16.66	TRUE	Emotions and values	Adjective