OMEGAWIKI	SEEALSO	GLOSS	SEMANTICFIELD	DEFINITION	POS	WOLD	SWADESH1952	IELEX	TOB110	LeipzigJakarta100	ABVD	CALMSEA200
7064	-	ABOVE	Spatial relations	In or to a higher place; higher than; on or over the upper surface.	Function word	12.081	-	-	-	-	-	-
1173416	-	ALL	Quantity	The totality of.	Function word	13.14	-	all	all	-	all	-
6464	6466	AND	Cognition	Used to connect two homogeneous words or phrases.	Function word	17.51	-	and	-	-	and	-
194	-	ANIMAL	Animals	Any living organism characterized by voluntary movement, the possession of cells with noncellulose cell walls and specialized sense organs enabling rapid response to stimuli, and the ingestion of complex organic substances such as plants and other animals.	Noun	3.11	-	animal	-	-	-	meat/animal
160271	-	ANT	Animals	Any of the black, red, brown, or yellow insects of the family Formicidae characterized by a large head and by living in organized colonies.	Noun	3.817	-	-	-	-	-	ant
6894	-	ARM	The body	The upper limb, extending from the shoulder to the wrist and sometimes including the hand.	Noun	4.31	-	-	-	-	-	hand/arm
420887	-	ARROW	Warfare and hunting	Pointed projectile that is shot with a bow.	Noun	20.25	-	-	-	-	-	-
264	-	ASH	The physical world	The incombustible matter remaining after a substance has been incinerated.	Noun	1.84	-	ashes	ashes	ash	ashes	ashes
823950	-	ASHAMED	Emotions and values	Feeling shame or guilt.	Adjective	-	-	-	-	-	-	-
6078	-	AT	Spatial relations	With very little distance to or in a particular place or location.	Function word	12.013	-	at	-	-	at	-
5648	-	BACK	The body	The rear of body, especially the part between the neck and the end of the spine and opposite the chest and belly.	Noun	4.19	-	back	-	back	back	-
5650	-	BAD	Emotions and values	Not good; unfavorable; negative.	Adjective	16.72	-	bad	-	-	bad, evil	-
848903	-	BAMBOO	Agriculture and vegetation	A group of woody perennial evergreen plants in the true grass family Poaceae, subfamily Bambusoideae, tribe Bambuseae.	Noun	8.94	-	-	-	-	-	-
369665	734724	BANANA	Agriculture and vegetation	The fruit of the banana tree.	Noun	8.84	-	-	-	-	-	-
5439	-	BARK	Agriculture and vegetation	The exterior covering of the trunk and branches of a tree.	Noun	8.75	-	bark (of tree)	bark	-	-	skin/bark
6028	965540	BE ALIVE	The body	To be alive; to have a life.	Verb	4.74	-	-	-	-	-	alive
474983	-	BE BORN	The body	To start living.	Verb	4.72	-	-	-	-	-	-
1541108	-	BE MANY	Quantity	existence of an indefinite large number of someone or something.	Function word	-	-	-	-	-	-	-
355931	-	BEAN	Food and drink	Any of various leguminous plants grown for their edible seeds and pods.	Noun	5.66	-	-	-	-	-	-
7552	-	BEAR	Animals	A large beast of prey of the family Ursidae, related to the dog and raccoon, having shaggy hair, a very small tail, and flat feet.	Noun	3.73	-	-	-	-	-	-
6855	-	BEAT	Basic actions and technology	To strike or pound repeatedly, usually in some sort of rhythm.	Verb	9.21	-	-	-	-	to pound, beat	-
514093	-	BECAUSE	Cognition	conjunction initiating a causal phrase.	Function word	17.52	-	because	-	-	-	-
325	-	BEE	Animals	Any of the membranous-winged insects which compose the superfamily Apoidea in the order Hymenoptera characterized by a hairy body and by sucking and chewing mouthparts.	Noun	3.82	-	-	-	-	-	-
5516	-	BELLY	The body	The lower part of the front of the torso (or a comparable part of an animal), confined by the upper side by the midriff and the lowerside by the pelvis. Contains the intestines.	Noun	4.431	-	belly	belly	-	belly	belly (exterior)
6199	-	BELOW, UNDER	Spatial relations	Lower in spatial position than.	Function word	12.07	-	-	-	-	-	-
384870	-	BERRY	Food and drink	A soft fruit which develops from a superior ovary and contains seeds not encased in pits.	Noun	-	-	-	-	-	-	-
5437	-	BIG	Spatial relations	Of a great size; the weakest sense of great size.	Adjective	12.55	-	big	big	big	big	-
400	-	BIRD	Animals	Any of the bipedal, warm-blooded vertebrates that lay eggs having wings which, for most species, enables them to fly.	Noun	3.581	-	bird	bird	bird	bird	bird
5993	-	BITE	The body	To cut off a piece by clamping the teeth.	Verb	4.58	-	to bite	bite	to bite	to bite	bite
375671	-	BITTER	Sense perception	Having an acrid taste.	Adjective	15.37	-	-	-	-	-	bitter
1341728	-	BLACK	Sense perception	Dark and colourless; not reflecting visible light.	Adjective	15.65	-	black	black	black	black	black
411	-	BLOOD	The body	A fluid connective tissue consisting of the plasma and cells that circulate in the blood vessels.	Noun	4.15	-	blood	blood	blood	blood	blood
1375415	-	BLOW	Motion	(Of the wind or a current of air) To move.	Verb	10.38	-	to blow (as wind)	-	to blow	to blow	blow
1375451	-	BLOW ON FIRE	Basic actions and technology	-	Verb	-	-	-	-	-	-	-
1511061	-	BLUNT	Sense perception	Having a thick edge or point, as an instrument; not sharp.	Adjective	15.79	-	dull (as a knife)	-	-	dull, blunt	-
7774	-	BOAT	Motion	A craft used for transportation of goods, fishing, racing, recreational cruising, or military use on or in the water, propelled by oars or outboard motor or inboard motor or by wind.	Noun	10.83	-	-	-	-	-	-
1399403	-	BODY HAIR	The body	The terminal hair that develops on the human body during and after puberty.	Noun	4.144	-	-	-	-	-	-
1510400	-	BODY LOUSE	Animals	A parasitic insect that infests the body and clothes of humans and feeds on blood.	Noun	3.8112	-	-	-	-	louse	-
347033	-	BOIL OF LIQUID	Food and drink	To be at a temperature (as a liquid) where it moves into the gaseous phase.	Verb	5.22	-	-	-	-	-	-
5983	-	BONE	The body	Any of the components of an endoskeleton, consisting mainly of calcium phosphate, collagen and cells.	Noun	4.16	-	bone	bone	bone	bone	bone
427040	-	BOW	Warfare and hunting	A weapon made of a curved piece of wood or other flexible material whose ends are connected by a string, used for shooting arrows.	Noun	20.24	-	-	-	-	-	-
6504	-	BRAIN	The body	The organ of the central nervous system of an animal located in the skull that controls the actions and thoughts of the animal.	Noun	4.203	-	-	-	-	-	-
6343	-	BRANCH	Agriculture and vegetation	A woody part of a tree arising from the trunk and usually dividing.	Noun	8.55	-	-	-	-	-	branch
5992	-	BREAST	The body	The fleshy organ on the chest of a sexually mature human female containing mammary glands.	Noun	4.41	-	-	breast	breast	breast	vagina or breast/milk
370376	-	BREATH	The body	The air inhaled and exhaled through the lungs.	Noun	-	-	-	-	-	-	-
5998	-	BREATHE	The body	To repeatedly draw air into, and expel it from, the lungs, in order to extract oxygen from it and excrete waste products.	Verb	4.51	-	to breathe	-	-	to breathe	-
441	-	BUG	Animals	Any of the suborder Heteroptera, having piercing and sucking mouthparts, specialized as a beak. (Source: CED)	Noun	-	-	-	-	-	-	-
6039	844863	BURN	The physical world	To be consumed by fire.	Verb	1.852	-	to burn (intransitive)	-	to burn (intr.)	to burn	burn
1299599	1232648	BURN SOMETHING	The physical world	To cause to undergo fire combustion.	Verb	1.851	-	-	-	-	to burn	burn
8061	-	BUY	Possession	To obtain in exchange for money or goods.	Verb	11.81	-	-	-	-	-	buy
335263	-	CARRY	Motion	To lift and bring to somewhere else; to transport by lifting.	Verb	10.61	-	-	-	-	-	-
1510493	-	CHEW	Food and drink	To crush with the teeth by repeated closing and opening of the jaws; done to food to soften it and break it down by the action of saliva before it is swallowed.	Verb	5.18	-	-	-	-	-	-
7413	-	CHILD DESCENDANT	Kinship	Biological offspring.	Noun	2.43	-	-	-	-	child	child/son
568	-	CHILD YOUNG HUMAN	Kinship	A person below the age of puberty.	Noun	2.27	-	child (a youth)	-	-	child	-
454216	-	CHILD-IN-LAW	Kinship	The spouse of someone's child.	Noun	2.6411	-	-	-	-	-	-
7084	-	CHOOSE	Emotions and values	To make a choice from a number of alternatives.	Verb	16.622	-	-	-	-	-	-
828398	-	CLAW	The body	A curved pointed appendage, found at the end of a toe or finger or, in arthropods, of the tarsus.	Noun	4.345	-	-	-	-	-	nail/claw
479387	-	CLIMB	Motion	To mount to a high or little accessible place using feet and hands.	Verb	10.472	-	-	-	-	-	climb, ascend
623	-	CLOUD	The physical world	Suspensions of minute water droplets or ice crystals produced by the condensation of water vapour.	Noun	1.73	-	cloud	cloud	-	cloud	cloud
5639	-	COLD OF TEMPERATURE	Sense perception	Having a low temperature.	Adjective	15.86	-	cold (as in weather)	cold	-	cold	cold
6056	5965	COME	Motion	To move toward or to reach either the speaker, the person spoken to, or the subject of the speaker's narrative.	Verb	10.48	-	to come	come	to come	to come	-
479132	-	COOK	Food and drink	To prepare a meal or a single dish.	Verb	5.21	-	-	-	-	-	cook/boil
538459	-	COOKED RICE	Food and drink	Boiled rice.	Noun	-	-	-	-	-	-	-
763	-	CORAL	Animals	The skeleton of certain solitary and colonial anthozoan coelenterates; composed chiefly of calcium carbonate.	Noun	-	-	-	-	-	-	-
7026	-	CORRECT, RIGHT	Emotions and values	That are in accordance with fact.	Adjective	16.73	-	right (correct)	-	-	correct, true	-
373675	-	COUGH	The body	To force air from the lungs out the mouth, sometimes involuntarily, accompanied by a rough sound.	Verb	4.53	-	-	-	-	-	-
6026	626814	COUNT	Quantity	To enumerate the digits of one's numeral system.	Verb	13.107	-	to count	-	-	to count	-
632491	-	CRUSH	Food and drink	To tighten (something) so strongly that it loses the form and the original consistency	Verb	5.56	-	-	-	-	-	-
7709	-	CRY	Emotions and values	To shed tears due to the impact of an emotion.	Verb	16.37	-	-	-	-	to cry	weep
6043	6106;1351742;699910	CUT	Basic actions and technology	To perform an incision (for example, with a knife).	Verb	9.22	-	to cut	-	-	to cut, hack	cut
5533	-	DAY 24 HOURS	Time	A period of time lasting 24 hours	Noun	14.411	-	-	-	-	-	-
5477	-	DAY OF LIGHT	Time	The period between sunrise and sunset where one enjoys daylight.	Noun	14.41	-	day (daytime)	-	-	-	sun/day
6660	1042272	DEAD	The body	Not alive; lacking life.	Adjective	4.7501	-	-	-	-	-	-
6245	-	DIE	The body	To cease to live.	Verb	4.75	-	to die	die	-	to die, be dead	die
6024	-	DIG	Agriculture and vegetation	To move earth, rocks, etc. out of the way, usually to create a hole.	Verb	8.22	-	to dig	-	-	to dig	dig
5483	-	DIRTY	Sense perception	Covered with or containing unpleasant substances such as dirt or grime.	Adjective	15.88	-	dirty	-	-	dirty	-
351006	-	DO	Basic actions and technology	To act, to behave.	Verb	9.11	-	-	-	-	-	-
966	-	DOG	Animals	A common four-legged animal, especially kept by people as a pet or to hunt or guard things.	Noun	3.61	-	dog	dog	dog	dog	dog
7890	-	DOVE	Animals	One of several birds of the family Columbidae.	Noun	3.594	-	-	-	-	-	-
8448	-	DREAM	The body	To experience while sleeping.	Verb	4.62	-	-	-	-	-	dream
5991	-	DRINK ACTION	Food and drink	To consume a liquid through the mouth.	Verb	5.13	-	-	drink	to drink	to drink	drink
339	-	DRINK OBJECT	Food and drink	Any one of various liquids for drinking.	Noun	5.9	-	-	-	-	-	-
341382	-	DROP	Motion	The event of moving to a lower position due to the effect of gravity.	Verb	10.16	-	-	-	-	-	-
5989	-	DRY	Sense perception	(Almost) free from liquid or moisture.	Adjective	15.84	-	dry (adjective)	dry	-	dry	-
1542663	-	DRY SEASON	Time	Yearly period of low rainfall in the tropics.	Noun	-	-	-	-	-	-	-
7277	-	DRY UP	Basic actions and technology	To lose moisture, usually through evaporation or absorption.	Verb	-	-	-	-	-	-	-
1009	-	DUST	The physical world	Any kind of solid material divided in particles of very small size.	Noun	1.213	-	dust	-	-	dust	-
5510	-	EAR	The body	The organ of hearing, consisting of the pinna, auditory canal, eardrum, malleus, incus, stapes and cochlea.	Noun	4.22	-	ear	ear	ear	ear	ear/hear
5827	6596	EAT	Food and drink	To consume something solid or semi-solid (usually food) by putting it into the mouth and eventually swallowing it.	Verb	5.11	-	to eat	eat	to eat	to eat	eat
340828	-	EGG	Food and drink	Egg (either fertilized or not) from domesticated birds, most commonly hens, seen as food.	Noun	5.97	-	egg	egg	egg	egg	egg
7005	-	EIGHT	Quantity	The cardinal number occurring after seven and before nine, represented in Roman numerals as VIII, in Arabic numerals as 8.	Function word	13.08	-	-	-	-	-	eight
465364	-	EMERGE, APPEAR	Basic actions and technology	To become known or apparent.	Verb	-	-	-	-	-	-	-
1255943	-	EXTINGUISH	The physical world	To make something stop burning.	Verb	1.861	-	-	-	-	-	-
5511	-	EYE	The body	The organ that is sensitive to light, which it converts to electrical signals passed to the brain, by which means animals see.	Noun	4.21	-	eye	eye	eye	eye	eye
5622	-	FALL	Motion	To descend in free fall due to the effect of gravity.	Verb	10.23	-	-	-	to fall	to fall	fall (from a height)
5997	-	FAR	Spatial relations	Having a large intervening distance with regard to something.	Adverb	12.44	-	far	far	far	far	far
475820	-	FASTEN	Basic actions and technology	Tighten and close, for example a belt.	Verb	-	-	-	-	-	-	-
5624	-	FAT	Food and drink	The ester of glycerol and one, two, or three fatty acids.	Noun	5.791	-	fat (noun)	fat n.	-	fat/grease	fat
5464	-	FATHER	Kinship	A male parent.	Noun	2.35	-	father	-	-	father	-
6025	-	FEAR, BE AFRAID	Emotions and values	To be scared of; to have an uncontrollable emotion of anxiety about something that causes a scared reaction or frightening impression.	Verb	-	-	to fear	-	-	to fear	fear/frighten
5436	-	FEATHER	The body	A branching, hair-like structure that grows on the skin of birds and protects them against coldness and water and allows their wings to create lift.	Noun	4.393	-	feather (rather not down)	feather	-	feather	-
6393	6392	FEMALE	Animals	Of, relating to, or denoting the sex which is generally characterized as the one associated with the larger gametes (for species which have two sexes and for which this distinction can be made).	Adjective	2.24;3.13	-	-	-	-	-	-
5500	-	FEW	Quantity	More than one, but not as many as usual or as expected.	Function word	13.17	-	few	-	-	-	-
1425	-	FIELD	Agriculture and vegetation	A limited area of land with grass or crops growing on it, which is usually surrounded by fences or closely planted bushes when it is part of a farm.	Noun	8.12	-	-	-	-	-	-
7019	-	FIFTY	Quantity	The cardinal number occurring after forty-nine and before fifty-one, represented in Roman numerals as L and in Arabic numerals as 50.	Function word	-	-	-	-	-	-	-
6030	-	FIGHT	Warfare and hunting	To be involved in a physical confrontation.	Verb	20.11	-	to fight	-	-	-	-
5675	-	FINGER	The body	One of the long extremities of the hand that is used for gripping objects.	Noun	4.34	-	-	-	-	-	-
5529	-	FINGERNAIL	The body	The hard, flat, translucent covering near the tip of a human finger, useful for scratching and fine manipulation.	Noun	4.344	-	-	-	-	-	-
1446	-	FIRE	The physical world	The state of combustion in which inflammable material burns, producing heat, flames and often smoke.	Noun	1.81	-	fire	fire	fire	fire	fire
1460	-	FISH	Animals	A cold-blooded vertebrate animal that lives in water that moves with the help of fins and breathes using gills (Pisces).	Noun	3.65	-	fish	fish	fish	fish	fish
156104	5448	FIVE	Quantity	The fifth natural number (5).	Function word	13.05	-	five	-	-	Five	five
414377	-	FLEE	Motion	Leaving a dangerous or unpleasant situation.	Verb	10.51	-	-	-	-	-	-
1539792	-	FLESH	The body	The flesh of humans as opposed to the flesh of animals.	Noun	4.13	-	-	-	flesh/meat	meat/flesh	-
6457	6074	FLOAT	Motion	To move or run smoothly and continously as a fluid.	Verb	10.34	-	to float	-	-	-	-
961244	7030	FLOW	Motion	To move as a fluid from one position to another (e.g. of people).	Verb	10.32	-	to flow	-	-	to flow	-
1487	-	FLOWER	Agriculture and vegetation	The reproductive structure of angiosperm plants, consisting of stamens and carpels surrounded by petals and sepals all borne on the receptacle.	Noun	8.57	-	flower	-	-	flower	flower
6261	-	FLY, INSECT	Animals	A common insect; any species of insect of the order Diptera.	Noun	3.83	-	-	-	-	-	fly
6052	-	FLY, MOVE THROUGH AIR	Motion	To move autonomously through the air, without any part of the object or object's enclosure touching anything attached to the ground.	Verb	10.37	-	to fly	fly v.	-	to fly	-
1502	-	FOG	The physical world	Water droplets or, rarely, ice crystals suspended in the air in sufficient concentration to reduce visibility appreciably.	Noun	1.74	-	fog	-	-	fog	-
5672	-	FOOT	The body	The part of a human’s body below the ankle that is used in order to stand and walk.	Noun	4.37	-	foot	foot	leg/foot	leg/foot	foot
1533	-	FOREST	The physical world	A vegetation community dominated by trees and other woody shrubs, growing close enough together that the tree tops touch or overlap, creating various degrees of shade on the forest floor.	Noun	1.41	-	-	-	-	woods/forest	-
6328	-	FORGET	Cognition	To lose memory of something.	Verb	17.32	-	-	-	-	-	-
6253	5447	FOUR	Quantity	The cardinal number occurring after three and before five, represented in Roman numerals as IV, in Arabic numerals as 4.	Function word	13.04	-	four	-	-	Four	four
1505737	-	FOWL	Animals	A bird that is kept for its meat and eggs.	Noun	3.5	-	-	-	-	-	-
6042	-	FREEZE	The physical world	To reach a chemically solid state, by the process of cooling.	Verb	1.775	-	to freeze	-	-	-	-
1504545	-	FRIGHTEN	Sense perception	To make someone afraid or anxious.	Verb	-	-	-	-	-	-	-
1570	-	FROG	Animals	Any insectivorous anuran amphibian of the family Ranidae, such as Rana temporaria of Europe, having a short squat tailless body with a moist smooth skin and very long hind legs specialized for hopping.	Noun	3.95	-	-	-	-	-	-
1541236	-	FRONT TOOTH, INEISOR	The body	several teeth located above and below in the mouth of mammals to bite food off.	Noun	-	-	-	-	-	-	-
6280	-	FRUIT	Food and drink	A botanical fruit that can be eaten raw used as food	Noun	5.71	-	fruit	-	-	fruit	fruit
6040	-	FULL	Quantity	Containing the most or maximum amount possible in the given available space.	Adjective	13.21	-	-	full	-	-	full
6059	-	GIVE	Possession	To transfer the possession or holding (of an object) to another person.	Verb	11.21	-	to give	give	to give	-	give
334831	-	GO	Motion	To move from a place to another that is further away.	Verb	10.47	-	-	-	-	-	-
980418	-	GO DOWN, DESCEND	Motion	To go from a higher to a lower place.	Verb	10.473	-	-	-	-	-	-
335553	479363	GO UP, ASCEND	Motion	To ascend; to go up.	Verb	10.471	-	-	-	-	-	-
443659	-	GOOD	Emotions and values	Having desired or positive qualities.	Adjective	16.71	-	good	good	good	good	-
6624	-	GRANDCHILD	Kinship	A child of someone’s child.	Noun	2.5	-	-	-	-	-	-
1675	-	GRASS	Agriculture and vegetation	A very large and widespread family of Monocotyledoneae, with more than 10.000 species, most of which are herbaceous, but a few are woody. The stems are jointed, the long, narrow leaves originating at the nodes. The flowers are inconspicuous, with a much reduced perianth, and are wind-pollinated or cleistogamous.	Noun	8.51	-	grass	-	-	grass	grass
1510501	-	GREASE	Food and drink	Animal fat in a melted or soft state; a semisolid lubricant.	Noun	5.791	-	-	-	-	-	fat/grease
6032	-	GREEN	Sense perception	Having green as its colour; having the hue of that portion of the visible spectrum lying between yellow and blue, evoked in the human observer by radiant energy with wavelengths of approximately 490 to 570 nanometers.	Adjective	15.68	-	green	green	-	green	-
441895	-	GRIND	Food and drink	To break something into small pieces by pressing it flat, or grinding it to powder.	Verb	5.56	-	-	-	-	-	grind
154737	-	GROW	Spatial relations	(For a living being) To become bigger.	Verb	12.53	-	-	-	-	-	-
5824	-	GUTS	The body	The internal organs of an animal.	Noun	4.461	-	guts	-	-	-	guts
446278	-	HAIR	The body	The collection or mass of hair on a person's head except the face.	Noun	4.14	-	hair	hair	hair	hair	hair (head)
5616	-	HAND	The body	That part of the fore limb below the forearm or wrist in primates (including humans).	Noun	4.33	-	hand	hand	arm/hand	hand	hand/arm
8173	-	HARD	Sense perception	Resistant to pressure.	Adjective	15.74	-	-	-	-	-	-
5454	-	HE	Kinship	A male other; the male previously mentioned; himself.  3rd person singular masculine subject pronoun.	Function word	2.931	-	he	-	3sg pronoun	he/she	-
1505714	-	HE/SHE/IT	Kinship	Third person singular pronoun, regardless of gender/sex.	Function word	2.93	-	-	-	-	-	-
5527	-	HEAD	The body	The part of the body of an animal or human which contains the brain, mouth and main sense organs.	Noun	4.2	-	head	head	-	head	head
1510396	-	HEAD LOUSE	Animals	A parasitic insect which lives among the hairs on the head of a human and feeds on blood.	Noun	3.811	-	louse	louse	louse	louse	louse
5999	-	HEAR	Sense perception	To perceive sound with the ear, without necessarily paying attention to it.	Verb	15.41	-	to hear	hear	to hear	to hear	ear/hear
5475	-	HEART	The body	A muscular organ that pumps blood through the body.	Noun	4.44	-	heart	heart	-	-	heart
5451	-	HEAVY	Sense perception	Of a physical object, having great weight.	Adjective	15.81	-	heavy	heavy	heavy	heavy	heavy
1287831	5489	HERE	Miscellaneous function words	at this place	Function word	24.09	-	here	-	-	-	-
161806	-	HIDE, CONCEAL	Spatial relations	To put something in a place where it will be harder to discover or out of sight.	Verb	12.27	-	-	-	-	to hide	hide
1505751	-	HIDE, SKIN	Animals	Skin of an animal.	Noun	4.12	-	-	-	-	skin	-
6044	6452;7238	HIT	Basic actions and technology	To give one blow or more with a swift movement.	Verb	9.21	-	to hit	-	to hit/beat	to hit	-
6060	-	HOLD	Possession	To grasp or grip (particularly with the hand) so that the object does not end up at the surface below.	Verb	11.15	-	to hold (in one's hand)	-	-	to hold	-
5981	-	HORN, KERATINIZED SKIN	The body	A hard growth of keratin that protrudes from the top of the head of certain animals.	Noun	4.17	-	-	horn	horn	-	horn
1780	-	HORSE	Animals	A large animal with four legs of the Equus caballus species which people ride on or use for carrying things or pulling vehicles.	Noun	3.41	-	-	-	-	-	-
5517	638769	HOUSE	The house	The abode of a human being, their place of residence.	Noun	7.12	-	-	-	-	house	house
5494	-	HOW	Cognition	In what way.	Function word	17.61	-	how	-	-	how?	-
6685	-	HUNDRED	Quantity	The cardinal number occurring after ninety-nine and before one hundred one, represented in Roman numerals as C and in Arabic numerals as 100.	Function word	13.105	-	-	-	-	-	hundred
6046	-	HUNT	Warfare and hunting	To chase down prey and (usually) kill it.	Verb	20.61	-	to hunt (transitive)	-	-	to hunt	drive/hunt
5432	-	HUSBAND	Kinship	The male partner in a marriage.	Noun	2.31	-	husband	-	-	husband	-
5450	-	I	Kinship	The speaker or writer referring to himself or herself alone.	Function word	2.91	-	I	I	1sg pronoun	I	I
1837	-	ICE	The physical world	The dense substance formed by the freezing of water to the solid state; it commonly occurs in the form of hexagonal crystals.	Noun	1.77	-	ice	-	-	-	-
6076	1393788	IF	Cognition	[The introduction of a condition or decision.]	Function word	17.53	-	if	-	-	if	-
6077	-	IN	Spatial relations	Contained or encased by.	Function word	12.012	-	in	-	in	in, inside	-
1959	-	INSECT	Animals	A class of the Arthropoda typically having a segmented body with an external chitinous covering, a pair of compound eyes, a pair of antennae, three pairs of mouthparts, and two pairs of wings.	Noun	3.81	-	-	-	-	-	-
950344	-	INTESTINES	The body	The alimentary canal of an animal through which food passes after having passed all stomachs.	Noun	4.461	-	-	-	-	-	-
2024	-	IRON	Basic actions and technology	A malleable ductile silvery-white ferromagnetic metallic element with symbol Fe and atomic number 26, occurring principally in haematite and magnetite. It is widely used for structural and engineering purposes.	Noun	9.67	-	-	-	-	-	-
1296409	-	IRRIGATED PADDY FIELD	Agriculture and vegetation	A flooded field where rice is grown.	Noun	-	-	-	-	-	-	-
1312191	-	ITCHY	Sense perception	Having a sensation that provokes the need to scratch.	Adjective	-	-	-	-	-	-	-
6249	-	JUICE	Food and drink	The liquid that is produced by squeezing or crushing fruits or vegetables.	Noun	-	-	-	-	-	-	-
500899	-	KICK	Motion	To strike somebody or something with the foot.	Verb	10.431	-	-	-	-	-	-
6023	-	KILL	The body	To put to death; to end a life.	Verb	4.76	-	to kill	kill	-	to kill	kill
5918	-	KNEE	The body	In man, the joint in the middle part of the leg.	Noun	4.36	-	-	knee	knee	-	-
6004	710114;955211	KNOW	Cognition	To be certain or sure about something.	Verb	17.17	-	to know (a fact)	know	to know	to know, be knowledgeable	know
2061	-	LAKE	The physical world	An enclosed body of water, usually but not necessarily fresh water, from which the sea is excluded.	Noun	1.33	-	lake	-	-	lake	-
2063	-	LAND, EARTH	The physical world	A specified geographical tract of the Earth's surface including all its attributes, comprising its geology, superficial deposits, topography, hydrology, soils, flora and fauna, together with the results of past and present human activity, to the extent that these attributes exert a significant influence on the present and future land utilization. (Source: WHIT)	Noun	1.21	-	earth (as in soil)	earth	-	earth/soil	earth
5876	-	LAUGH	Emotions and values	To express pleasure, mirth or derision by peculiar movement of the muscles of the face, particularly of the mouth, causing a lighting up of the face and eyes, and usually accompanied by the emission of explosive or chuckling sounds from the chest and throat.	Verb	16.25	-	to laugh	-	to laugh	to laugh	laugh
2124	-	LEAF	Agriculture and vegetation	The main organ of photosynthesis and transpiration in higher plants, usually consisting of a flat green blade attached to the stem directly or by a stalk.	Noun	8.56	-	leaf	leaf	leaf	leaf	leaf
412005	-	LEECH, WATER LEECH	Animals	A worm-like creature that lives in water and sucks blood from animals.	Noun	-	-	-	-	-	-	water leech
1499731	-	LEFT	Spatial relations	Something that is on the left side relative to another object.	Adjective	12.42	-	left (side)	-	-	left	left side
5665	-	LEG	The body	The limb of an animal (including humans) that extends from the groin to the ankle.	Noun	4.35	-	leg	-	leg/foot	leg/foot	-
476248	-	LET GO, SET FREE	Possession	To give freedom; to release from confinement or restraint.	Verb	11.34	-	-	-	-	-	-
1510483	-	LICK	The body	To stroke with the tongue.	Verb	4.59	-	-	-	-	-	-
1425860	-	LIE DOWN	Spatial relations	(For a human or animal) to assume a horizontally extended position on a surface.	Verb	12.14	-	-	-	-	-	sleep/lie down
6005	-	LIE, REST	Spatial relations	To rest in a horizontal, static position, usually on another surface.	Verb	12.14	-	to lie (as on one's side)	lie	-	-	-
1419171	1419153;8409;1419162	LIFE	The body	The state of being.	Noun	4.741	-	-	-	-	-	-
452743	-	LIGHT WEIGHT	Sense perception	With a small mass, little weight or density; the opposite of heavy.	Adjective	15.82	-	-	-	-	-	-
6811	-	LIGHTNING	The physical world	The flash of light caused by the discharge of atmospheric electrical charge.	Noun	1.55	-	-	-	-	-	-
358484	-	LIQUOR	Food and drink	Alcoholic beverage containing more than 20 percent alcohol.	Noun	-	-	-	-	-	-	-
478515	-	LIVE	The house	To have permanent residence.	Verb	7.11	-	to live	-	-	to live, be alive	-
5476	-	LIVER	The body	A large organ in the body that stores and metabolizes nutrients, destroys toxins and produces bile. Responsible for thousands of biochemical reactions.	Noun	4.45	-	liver	liver	liver	liver	liver
5438	-	LONG	Spatial relations	Having much distance from one terminating point on an object or an area to another terminating point.	Adjective	12.57	-	long	long	long	long	long/tall
853143	-	LOOSEN	Basic actions and technology	To make undone or untied ; to free from any fastening.	Verb	-	-	-	-	-	-	-
339200	-	MAKE	Basic actions and technology	To create something by combining or assembling materials or parts or by changing it.	Verb	9.111	-	-	-	-	-	-
6396	6395	MALE	Kinship	Of, relating to, or denoting a member of the sex that begets young by fertilizing ova.	Adjective	2.23;3.12	-	-	-	-	-	-
6397	-	MAN	Kinship	An adult human member of the sex that begets young by fertilizing ova.	Noun	2.21	-	man (human being)	man	-	man/male	-
5423	-	MANY	Quantity	An indefinite large number of.	Function word	13.15	-	many	many	-	-	-
7679	-	MARROW	Agriculture and vegetation	Any of various squash plants grown for their elongated fruit with smooth dark green skin and whitish flesh.	Noun	-	-	-	-	-	-	-
2300	-	MEAT	Food and drink	The edible flesh of animals, especially that of mammals.	Noun	5.61	-	-	meat	flesh/meat	meat/flesh	meat/animal
5919	-	MEDICINE	The body	A substance which specifically promotes healing.	Noun	4.88	-	-	-	-	-	-
2358	-	MILK FLUID	Food and drink	The whitish fluid secreted by the mammary gland for the nourishment of the young; composed of carbohydrates, proteins, fats, mineral salts, vitamins, and antibodies.	Noun	5.86	-	-	-	-	-	-
5870	-	MONKEY	Animals	A primate from the group “New World monkeys” or “Old World monkeys” (Simiiformes, excluding the superfamily Hominoidea or apes) that lives mainly in rainforests and is distinguished from an Ape by its smaller size and its tail.	Noun	3.76	-	-	-	-	-	-
5729	-	MOON	The physical world	A natural satellite of a planet.	Noun	1.53	-	-	moon	-	moon	moon
1454028	-	MORTAR CRUSHER	Food and drink	A bowl used to crush and grind ingredients with a pestle.	Noun	5.58	-	-	-	-	-	-
630453	-	MOSQUITO	Animals	A small flying insect (of the family Culicidae) known for biting and sucking blood.	Noun	3.832	-	-	-	-	-	-
5463	-	MOTHER	Kinship	A woman who has at least one child.	Noun	2.36	-	mother	-	-	mother	-
2421	-	MOUNTAIN	The physical world	A feature of the earth's surface that rises high above the base and has generally steep slopes and a relatively small summit area.	Noun	1.22	-	mountain	mountain	-	-	mountain
332000	161654	MOUTH	The body	Opening in the lower half of a human face which is used for food ingestion and articulation.	Noun	4.24	-	mouth	mouth	mouth	mouth	mouth
2444	-	MUSHROOM	Agriculture and vegetation	An organism belonging to a family of Basidiomycetes that are characterized by the production of spores on gills.	Noun	8.98	-	-	-	-	-	-
156863	-	NAIL	Basic actions and technology	A spike-shaped metal fastener used for joining wood or similar materials.	Noun	9.5	-	-	-	-	-	-
5995	-	NAME	Speech and language	Any word or phrase which designates a particular person, place, class or thing.	Noun	18.28	-	name	name	name	name	name
5566	-	NARROW	Spatial relations	Having a small width.	Adjective	12.62	-	narrow	-	-	narrow	-
1417428	-	NASAL MUCUS, SNOT	The body	Mucus from the nose.	Noun	4.232	-	-	-	-	-	-
7690	-	NAVEL	The body	A scar where the umbilical cord was attached.	Noun	4.43	-	-	-	-	-	navel
869106	-	NEAR	Spatial relations	Not far distant in time or space or degree or circumstances.	Adverb	12.43	-	near	near	-	near	near
5823	-	NECK	The body	The part of the body (found in some animals, including humans) that connects the head and the trunk.	Noun	4.28	-	neck	neck	neck	neck	neck
5951	337519	NEEDLE FOR SEWING	Clothing and grooming	A thin, sharp implement used in sewing, knitting and acupuncture.	Noun	6.36	-	-	-	-	-	needle
5484	-	NEW	Time	Recently made, created or begun.	Adjective	14.13	-	new	new	new	new	new
5486	-	NIGHT	Time	The period between sunset and sunrise, when a location faces far away from the sun, thus when the sky is dark.	Noun	14.42	-	night	night	night	night	night
6193	6208	NINE	Quantity	The ninth natural number (9).	Function word	13.09	-	-	-	-	-	nine
5568	5576	NO	Cognition	A word used to show disagreement of something.	Function word	17.56	-	-	-	-	-	-
5471	-	NOSE	The body	The organ of the face used to breath and smell.	Noun	4.23	-	nose	nose	nose	nose	nose
5495	-	NOT	Miscellaneous function words	Negates the meaning of the modified verb.	Function word	24.06	-	not	not	not	no, not	-
5482	-	OLD	Time	Having lived or existed for a relatively long period of time.	Adjective	14.15	-	old	-	old	old	old
6244	5433	ONE	Quantity	The cardinal number that directly follows zero and precedes two, represented in Roman numerals as I, and in Arabic numerals as 1.	Function word	13.01	-	one	one	one	One	one
513017	-	OPEN	Spatial relations	To make something accessible or removing an obstacle to something being accessible.	Verb	12.24	-	-	-	-	-	-
1406403	6437;6406	OTHER	Miscellaneous function words	The rest of a group of.	Function word	24.11	-	other	-	-	other	-
1031630	-	OTTER	Animals	Any of several aquatic, furbearing, weasellike mammals of the genus Lutra , having webbed feet and a long, slightly flattened tail.	Noun	-	-	-	-	-	-	-
496633	-	PAINFUL	Sense perception	Full of pain; causing uneasiness or distress, either physical or mental.	Adjective	-	-	-	-	-	-	-
528656	-	PALM TREE	Agriculture and vegetation	Any of various evergreen trees from the family Palmae or Arecaceae, which are mainly found in the tropics.	Noun	8.81	-	-	-	-	-	-
4382	-	PATH	Motion	A route or track between one place to another.	Noun	10.72	-	-	-	-	-	-
5473	-	PENIS	The body	The male sexual organ for copulation and urination; the tubular portion of the male genitalia (excluding the scrotum).	Noun	4.492	-	-	-	-	-	-
333730	2234	PERSON	Kinship	A human being.	Noun	2.1	-	-	person	-	person/human being	person/human being
1511162	-	PIERCE	Basic actions and technology	to puncture; to break through	Verb	-	-	-	-	-	-	-
5836	-	PIG	Animals	A common, four-legged animal (Sus scrofa) that has cloven hooves, bristles and a nose adapted for digging and is farmed by humans for its meat.	Noun	3.35	-	-	-	-	-	-
160433	-	PISS	The body	To allow urine to flow from the bladder out of the body.	Verb	4.65	-	-	-	-	-	-
619975	-	PLANT, GROW	Agriculture and vegetation	To put a plant in the ground so that it strikes root and grows.	Verb	8.531	-	-	-	-	to grow	-
1511168	-	PLANTAIN	Agriculture and vegetation	A plant of the genus Plantago, with a rosette of sessile leaves about 10 cm long with a narrow part instead of a petiole, and with a spike inflorescence with the flower spacing varying widely among the species.	Noun	-	-	-	-	-	-	-
6010	-	PLAY	Emotions and values	To act in a manner such that one has fun; to engage in playful activities expressly for the purpose of recreation.	Verb	16.26	-	to play	-	-	-	-
2847	-	POISON	The body	A substance which, when ingested, inhaled, or absorbed, or when applied to, injected into, or developed within the body, in relatively small amounts, may cause injury, harm, or destruction to organs, tissue, or life.	Noun	4.89	-	-	-	-	-	-
1510937	-	POUND	Basic actions and technology	To strike hard, usually repeatedly.	Verb	9.211	-	-	-	-	-	-
6071	840722	PULL	Basic actions and technology	To apply a force to (an object), in order that it moves towards the origin of the force that was applied.	Verb	9.33	-	to pull	-	-	-	-
1507419	-	PULL OF SKIN	Basic actions and technology	Strip or pull off the skin or hide of	Verb	9.29	-	-	-	-	-	-
6068	-	PUSH	Motion	To apply a force to (an object), in order that it moves away from the origin of the force that was applied.	Verb	10.67	-	to push	-	-	-	-
429615	440073	PUT	Spatial relations	To set or place an object in a different place than it original was.	Verb	12.12	-	-	-	-	-	-
3100	-	RAIN, PRECIPATION	The physical world	Precipitation in the form of liquid water drops with diameters greater than 0.5 millimetres.	Noun	1.75	-	-	rain	rain	rain	rain
5523	-	RAINING	The physical world	To fall from the clouds in drops of water.	Verb	-	-	-	-	-	-	-
6233	-	RAT	Animals	A nearly omnivorous rodent of the genus ''rattus'' characterised by a long hairless tail, rounded ears, and a pointed nose.	Noun	3.63	-	-	-	-	-	rat/rodent
1333710	-	RED	Sense perception	Having red as its colour.	Adjective	15.66	-	red	red	red	red	red
395506	538459;3236	RICE	Agriculture and vegetation	Seeds of the rice plant (Oryza sativa) used as food.	Noun	8.48	-	-	-	-	-	-
436024	-	RIGHT	Spatial relations	Something that is on the right side relative to another object.	Adjective	12.41	-	right (side)	-	-	-	right side
1378364	-	RIPE	Food and drink	(Of fruits, seeds, etc.) Having reached the stage of development suitable for harvesting and eating.	Adjective	5.123	-	-	-	-	-	-
3253	-	RIVER	The physical world	A stream of water which flows in a channel from high ground to low ground and ultimately to a lake or the sea, except in a desert area where it may dwindle away to nothing.	Noun	1.36	-	river	-	-	-	river/valley
3258	-	ROAD	Motion	A long piece of hard ground that people can drive along from one place to another.	Noun	10.71	-	road	road	-	road/path	road
3266	-	ROCK	The physical world	Any aggregate of minerals that makes up part of the earth's crust. It may be unconsolidated, such as sand, clay, or mud, or consolidated, such as granite, limestone, or coal.	Noun	1.44	-	-	-	-	-	-
3268	-	RODENT	Animals	Any of the relatively small placental mammals that constitute the order Rodentia, having constantly growing incisor teeth specialized for gnawing.	Noun	-	-	-	-	-	-	-
344031	-	ROOF	The house	The structure covering a building.	Noun	7.51	-	-	-	-	-	-
3269	-	ROOT	Agriculture and vegetation	The absorbing and anchoring organ of a vascular plant; it bears neither leaves nor flowers and is usually subterranean.	Noun	8.54	-	root	root	root	root	root
5465	-	ROPE	Basic actions and technology	Thick, strong string made of several strands that have been twisted together.	Noun	9.19	-	rope	-	rope	rope	-
7031	5826	ROTTEN	Food and drink	Having changed its colour, smell or composition (partially or completely), due to being attacked and decomposed by microorganisms (relating to organic matter).	Adjective	5.125	-	rotten (as, a log)	-	-	rotten	-
5984	700103	ROUND	Spatial relations	Circular or having a circular cross-section in at least one direction.	Adjective	12.81	-	-	round	-	-	round
6062	-	RUB	Basic actions and technology	To move one's hand or an object over a surface or other object (maintaining constant contact and applying moderate pressure).	Verb	9.31	-	to rub	-	-	-	rub
6323	-	RUN	Motion	To move quickly by alternately making a short jump off of either foot.	Verb	10.46	-	-	-	-	-	run/flee
5599	-	SALT	Food and drink	A condiment (NaCl - Sodium Chloride) used to add to or enhance the flavour of food (commonly with pepper).	Noun	5.81	-	salt	salt	salt	salt	salt
3305	-	SAND	The physical world	A loose material consisting of small mineral particles, or rock and mineral particles, distinguishable by the naked eye; grains vary from almost spherical to angular, with a diameter range from 1/16 to 2 millimeters.	Noun	1.215	-	sand	sand	sand	sand	-
6075	-	SAY	Speech and language	To communicate orally, using a particular language; to express in words.	Verb	18.22	-	to say	say	to say	to say	-
6047	-	SCRATCH	The body	To rub or scrape (a part of the body) with a sharp object (e.g. to relieve an itching).	Verb	4.8541	-	to scratch (an itch)	-	-	to scratch	scratch (scrape)
6154	-	SEA	The physical world	A body of salt water that is smaller than an ocean and generally in proximity to a continent.	Noun	1.32	-	sea (as in ocean)	-	-	sea	-
6003	-	SEE	Sense perception	To perceive [images] with the eye, without necessarily paying attention to them.	Verb	15.51	-	to see	see	to see	to see	see
3361	-	SEED	Agriculture and vegetation	A mature fertilized plant ovule, consisting of an embryo and its food store surrounded by a protective seed coat (testa).	Noun	8.311	-	seed	seed	-	-	-
6439	-	SELL	Possession	To provide goods or services in exchange for money.	Verb	11.82	-	-	-	-	-	-
7004	-	SEVEN	Quantity	The cardinal number occurring after six and before eight, represented in Roman numerals as VII, in Arabic numerals as 7.	Function word	13.07	-	-	-	-	-	seven
6073	-	SEW	Clothing and grooming	To pass thread repeatedly through fabric or a material, using a needle, in order to join two or more parts or to make a pattern or motif.	Verb	6.35	-	to sew	-	-	to sew	sew
5966	-	SHADE	The physical world	Darkness, where light (particularly sunlight) is blocked.	Noun	1.63	-	-	-	-	-	shade/shadow
5987	-	SHARP	Sense perception	Having the ability to cut easily.	Adjective	15.78	-	sharp (as a knife)	-	-	sharp	sharp
7667	-	SHE	Kinship	A female other; the female previously mentioned. 3rd person singular feminine subject pronoun.	Function word	2.932	-	-	-	-	-	-
332137	-	SHIT	The body	To excrete feces from one's body through the anus.	Verb	4.66	-	-	-	-	-	-
522875	-	SHOOT	Warfare and hunting	To kill a person or an animal with a shot from a firearm.	Verb	20.62	-	-	-	-	-	shoot
6746	-	SHORT	Spatial relations	Small in length by comparison.	Adjective	12.59	-	short	short	-	short	-
6186	-	SHOULDER	The body	One side of the top of the torso, where an arm attaches or joins.	Noun	4.3	-	-	-	-	-	-
155571	-	SHY	Emotions and values	(For a personality) characterized by being uncomfortable with having attention drawn to them, for example when introducing oneself or when speaking in front of an audience.	Adjective	-	-	-	-	-	-	-
7800	-	SICK	The body	Whose health is altered.	Adjective	4.84	-	-	-	-	-	ill
3424	-	SILVER	Basic actions and technology	A very ductile malleable brilliant greyish-white element with symbol Ar and atomic number 47 having the highest electrical and thermal conductivity of any metal.	Noun	9.65	-	-	-	-	-	-
5540	-	SING	Speech and language	To produce harmonious sounds with one's voice.	Verb	18.12	-	to sing	-	-	-	-
6022	-	SIT	Spatial relations	To be in a position with the upper body upright and the legs resting.	Verb	12.13	-	to sit	sit	-	to sit	sit
7003	-	SIX	Quantity	The cardinal number occurring after five and before seven, represented in Roman numerals as VI, in Arabic numerals as 6.	Function word	13.06	-	-	-	-	-	six
3430	-	SKIN	The body	The tissue forming the outer covering of the vertebrate body: it consists of two layers, the outermost of which may be covered with hair, scales, feathers, etc. It is mainly protective and sensory in function.	Noun	4.12	-	-	skin	skin/hide	skin	skin/bark
7039	-	SKY	The physical world	The part of the earth's atmosphere and space outside it that is visible from earth's surface. During the day it is perceived as blue, and at night as black.	Noun	1.51	-	sky	-	-	sky	sky
6519	-	SLEEP	The body	To rest in a state of decreased consciousness and reduced metabolism.	Verb	4.61	-	to sleep	sleep	-	to sleep	sleep/lie down
5509	-	SMALL	Spatial relations	Not large or big; small in size.	Adjective	12.56	-	small	small	small	small	-
6520	-	SMELL, PERCEIVE	Sense perception	To perceive the presence of molecules in the air by inhaling them through the nose.	Verb	15.22	-	to smell (sense odor)	-	-	to sniff, smell	-
6521	-	SMELL, STINK	Sense perception	To give off a smell that can be perceived by the nose.	Verb	15.21	-	-	-	-	-	-
3451	-	SMOKE, EXHAUST	The physical world	An aerosol, consisting of visible particles and gases, produced by the incomplete burning of carbon-based materials, such as wood and fossil fuels.	Noun	1.83	-	smoke	smoke	smoke	smoke	smoke
5487	-	SMOOTH	Sense perception	Not rough; having a surface texture that lacks friction.	Adjective	15.77	-	smooth	-	-	-	-
3388	-	SNAKE	Animals	Any reptile of the suborder Serpentes, typically having a scaly cylindrical limbless body, fused eyelids, and a jaw modified for swallowing large prey.	Noun	3.85	-	-	snake	-	snake	snake
1511046	-	SNIFF	Sense perception	To make a short, audible inhalation, through the nose, as if to smell something.	Verb	15.212	-	-	-	-	-	-
3455	8047	SNOW	The physical world	The most common form of frozen precipitation, usually flakes or starlike crystals, matted ice needles, or combinations, and often rime-coated.	Noun	1.76	-	snow	-	-	-	-
7907	-	SOFT	Sense perception	A state of consistency allowing alterations of form with ease, no big force required, to bring things into something of this state (such as e.g. soaked loam or clay soil).	Adjective	15.75	-	-	-	-	-	-
5481	3494;161681	SOIL	The physical world	The soft and loose material forming a great part of the Earth surface.	Noun	1.212	-	earth (as in soil)	-	soil	earth/soil	-
5499	-	SOME	Quantity	An unspecified quantity or number of.	Function word	13.181	-	some	-	-	-	-
6634	-	SON	Kinship	One's male child.	Noun	2.41	-	-	-	-	-	-
838324	-	SOUR	Sense perception	Having an acid, sharp or tangy taste.	Adjective	15.38	-	-	-	-	-	-
3588	-	SPIDER	Animals	Any predatory silk-producing arachnid of the order Araneae, having four pairs of legs and a rounded unsegmented body consisting of abdomen and cephalothorax.	Noun	3.818	-	-	-	-	-	-
6051	-	SPIT	The body	To forcefully evacuate saliva from the mouth.	Verb	4.56	-	to spit	-	-	to spit	spit
6048	-	SPLIT	Basic actions and technology	To divide fully or partly along a more or less straight line.	Verb	9.27	-	to split	-	-	to split	-
6017	441998;441891	SQUEEZE	Basic actions and technology	To apply pressure to something from two or more sides at once.	Verb	9.343	-	to squeeze	-	-	to squeeze	squeeze
6045	-	STAB	Basic actions and technology	To pierce or to wound with a pointed tool or weapon, especially a knife or dagger.	Verb	9.223	-	to stab (or stick)	-	-	to stab, pierce	-
6053	-	STAND	Spatial relations	To be upright in an erect position, supported by the feet.	Verb	12.15	-	to stand	stand	to stand	to stand	stand
6041	-	STAR	The physical world	A luminous celestial body that is made from gases (particularly hydrogen and helium) and forms the shape of a sphere.	Noun	1.54	-	star	star	star	star	star
336072	-	STEAL	Law	To take possession of property belonging to another without the consent of this owner; most typically when not observed, rather than by force.	Verb	21.51	-	-	-	-	-	steal
5662	484273	STICK	The physical world	A long, thin piece of wood, mainly left in the shape in which it grew, that does not bend.	Noun	-	-	stick (of wood)	-	-	stick/wood	stick
3633	-	STONE	The physical world	A general term for rock that is used in construction, either crushed for use as aggregate or cut into shaped blocks as dimension stone.	Noun	1.44	-	stone	stone	stone/rock	stone	stone
5994	-	STRAIGHT	Spatial relations	Not crooked or bent; having a constant direction throughout its length.	Adjective	12.73	-	straight	-	-	-	-
6027	-	SUCK	Food and drink	To draw in a substance by creating a practical vacuum in the mouth, and as a result a difference in pressure.	Verb	5.16	-	to suck	-	to suck	to suck	-
5850	-	SUN	The physical world	The particular star at the centre of our solar system, from which the Earth gets light and heat.	Noun	1.52	-	sun	sun	-	-	sun/day
1250835	-	SWEAT	The body	A fluid that is secreted by sweat glands in the skin in order to regulate body temperature.	Noun	-	-	-	-	-	-	-
336426	-	SWEET	Sense perception	Having the taste characteristic of sugar or honey.	Adjective	15.35	-	-	-	-	-	sweet
6454	-	SWELL	Basic actions and technology	To grow larger in volume.	Verb	-	-	to swell	-	-	to swell	-
1541112	-	SWIDDEN FIELD	Agriculture and vegetation	a piece of land cleared for farming by burning away vegetation.	Noun	-	-	-	-	-	-	-
6050	-	SWIM	Motion	To move through the water, without touching the bottom.	Verb	10.35	-	to swim	swim	-	to swim	-
5468	-	TAIL	The body	The appendage of an animal that is attached to its posterior and near the anus.	Noun	4.18	-	tail	tail	tail	tail	tail
7077	7079	TAKE	Possession	To grasp with the hands.	Verb	11.13	-	-	-	-	-	-
335942	-	TALL	Spatial relations	Having a vertical extent greater than the average; Having the upper end, tip, top, head, etc. a long way up; Having a great vertical extent (often greater than the horizontal extent); High.	Adjective	12.58	-	-	-	-	-	-
6312	-	TEN	Quantity	The cardinal number occurring after nine and before eleven, represented in Roman numerals as X, in Arabic numerals as 10, and in the hexadecimal system (base 16) as A.	Function word	13.1	-	-	-	-	-	ten
1149393	5489	THAT	Miscellaneous function words	Demonstrative pronoun (feminine, singular): the indicated thing is implied, since it is previously mentioned. Collocation: that of; to that of.	Function word	24.08	-	that	that	-	that	-
1506073	-	THATCH	The house	Natural roofing material such as straw, reeds, leaves, etc.	Noun	7.52	-	-	-	-	-	-
858309	5489	THERE	Miscellaneous function words	In a not completely determined place which is not here.	Function word	24.1	-	there	-	-	-	-
352331	-	THEY	Kinship	The third person plural of the personal pronoun that designates more than one person or animal, thing or idea which have already been mentioned previously.	Function word	2.96	-	they	-	-	they	-
5503	-	THICK	Spatial relations	Relatively large distance from one surface to the opposite in its smallest solid dimension.	Adjective	12.63	-	thick	-	thick	thick	thick
348189	-	THIGH	The body	The area between the pelvis and buttocks and the knee.	Noun	4.351	-	-	-	-	-	-
5990	-	THIN	Spatial relations	(Of a person or animal) Narrow in size, and usually indicating carrying little fat.	Adjective	12.65	-	thin	thin	-	thin	thin
6309	-	THINK, BELIEVE	Cognition	To have as opinion, belief, or idea.	Verb	17.14	-	-	-	-	-	-
6021	-	THINK, REFLECT	Cognition	To actively and consciously use one's mental powers, usually to form ideas.	Verb	17.13	-	to think	-	-	to think	-
5458	1370685	THIS	Miscellaneous function words	The indicated object, item, etc.	Function word	24.07	-	this	this	this	this	-
1243793	-	THORN	Agriculture and vegetation	A sharp and hard structure that grows on a plant.	Noun	-	-	-	-	-	-	-
5459	-	THOU	Kinship	The person addressed.	Function word	2.92	ye	thou	thou	2sg pronoun	thou	thou
7755	-	THOUSAND	Quantity	Ten times hundred.	Function word	13.106	-	-	-	-	-	-
156096	5424	THREE	Quantity	The third natural number (3).	Function word	13.03	-	three	-	-	Three	three
6072	-	THROW	Motion	To cause (an object) to move rapidly through the air, with the force of the hand or arm.	Verb	10.25	-	to throw	-	-	to throw	-
509787	-	THUNDER	The physical world	Sound produced by fast air expansion induced by a lightning.	Noun	1.56	-	-	-	-	-	-
844574	6453	TIE	Basic actions and technology	To establish connection between two or more things.	Verb	9.16	-	to tie	-	to tie	to tie up, fasten	tie
5969	-	TOE	The body	One of the extremities of the foot.	Noun	4.38	-	-	-	-	-	-
5440	-	TONGUE	The body	The flexible muscular organ in the mouth that is used to move food around, for tasting and that is moved into various positions to modify the flow of air from the lungs in order to produce different sounds.	Noun	4.26	-	tongue	tongue	tongue	tongue	tongue
5946	-	TOOTH	The body	A hard, calcareous structure present in the mouth of many vertebrate animals, generally used for eating.	Noun	4.27	-	tooth (rather not molar)	tooth	tooth	tooth	tooth
3854	-	TREE	Agriculture and vegetation	Any large woody perennial plant with a distinct trunk giving rise to branches or leaves at some distance from the ground.	Noun	8.6	-	tree	tree	-	-	tree/wood
6526	6055	TURN	Motion	To change direction of movement.	Verb	10.12	-	-	-	-	-	-
6055	-	TURN AROUND	Motion	To position by moving an object around its axis.	Verb	10.13	-	to turn (change direction)	-	-	-	-
7013	-	TWENTY	Quantity	The cardinal number occurring after nineteen and before twenty-one, represented in Roman numerals as XX and in Arabic numerals as 20.	Function word	13.104	-	-	-	-	-	twenty/score
6248	5425	TWO	Quantity	The cardinal number occurring after one and before three, represented in Roman numerals as II and in Arabic numerals as 2.	Function word	13.02	-	two	two	-	Two	two
480525	-	UNCOVER	Basic actions and technology	To uncover; to show and display that which was hidden.	Verb	-	-	-	-	-	-	-
7685	-	VAGINA	The body	The lower part of the female reproductive tract; a moist canal in female mammals extending from the labia minora to the uterus.	Noun	4.493	-	-	-	-	-	-
3938	-	VALLEY	The physical world	Any low-lying land bordered by higher ground; especially an elongate, relatively large, gently sloping depression of the Earth's surface, commonly situated between two mountains or between ranges of hills or mountains, and often containing a stream with an outlet.	Noun	1.24	-	-	-	-	-	-
3962	-	VERMIN	Animals	Small animals and insects that can be harmful and which are difficult to control when they appear in large numbers. (Source: CAMB)	Noun	-	-	-	-	-	-	-
3968	687459	VILLAGE	Social and political relations	A group of houses and other buildings, such as a church, a school and some shops, which is smaller than a town, usually in the countryside.	Noun	19.16	-	-	-	-	-	-
5617	-	VOMIT	The body	To regurgitate the contents of the stomach.	Verb	4.57	-	to vomit	-	-	to vomit	vomit
6557	6558	WAKE UP	The body	To stop sleeping.	Verb	4.63	-	-	-	-	-	-
6054	-	WALK	Motion	To move from one place to another by moving legs alternately, so that at least one foot is in contact with the floor or surface at any one time.	Verb	10.45	-	to walk	walk(go)	-	to walk	-
5485	-	WARM	Sense perception	Having a temperature slightly higher than usual, still pleasant.	Adjective	15.851	-	warm (as in weather)	warm	-	warm	warm
6069	-	WASH	Basic actions and technology	To remove dirt and grime from an object, using water (usually with soap).	Verb	9.36	-	to wash	-	-	-	wash
4118	-	WATER	The physical world	Common liquid (H₂O) which forms rain, rivers, the sea, etc., and which makes up a large part of the bodies of organisms.	Noun	1.31	-	water	water	water	water	water
5455	-	WE	Kinship	The speaker or writer and at least one other person.	Function word	2.94	-	we	we	-	we	-
1280854	-	WEAVE	Clothing and grooming	To make, as fabric, by enterlacing threads.	Verb	6.33	-	-	-	-	-	-
7027	-	WET	Sense perception	Covered with or impregnated with liquid.	Adjective	15.83	-	wet	-	-	wet	-
5491	-	WHAT	Cognition	Which thing.	Function word	17.64	-	what	what	what?	what?	-
5493	-	WHEN	Cognition	at what time	Function word	17.65	-	when	-	-	when?	-
5492	-	WHERE	Cognition	At what place?	Function word	17.66	-	where	-	-	where?	-
5825	5872	WHITE	Sense perception	Bright and colourless; reflecting equal quantities of all frequencies of visible light.	Adjective	15.64	-	white	white	-	white	white
5490	-	WHO	Cognition	What person or people; which person or people.	Function word	17.68	-	who	who	who?	who?	-
5502	-	WIDE	Spatial relations	Having a long distance or area between two points, especially horizontally.	Adjective	12.61	-	wide	-	wide	wide	-
5429	-	WIFE	Kinship	A married woman.	Noun	2.32	-	wife	-	-	wife	-
4160	-	WIND	The physical world	The motion of air relative to the earth's surface; usually means horizontal air motion, as distinguished from vertical motion.	Noun	1.72	-	wind (as in breeze)	wind	wind	wind	wind
5528	-	WING	The body	The appendage of an animal's (bird, bat, insect) body that enables it to fly in the air.	Noun	4.392	-	wing	-	wing	wing	wing
6070	-	WIPE	Basic actions and technology	To move an object or utensil over a surface or other object while maintaining contact, in order that a substance be removed from its surface.	Verb	9.311	-	to wipe	-	-	-	-
5844	7435;5845;5843	WITH	Miscellaneous function words	In the company of	Function word	24.04	-	with (accompanying)	-	-	-	-
4165	-	WOMAN	Kinship	An adult human member of the sex that produces ova and bears young.	Noun	2.22	-	woman	woman	-	woman/female	-
741520	-	WOOD	The physical world	The substance making up the central part of the trunk and branches of a tree. Used as a material for construction, to manufacture various items, etc. or as fuel.	Noun	1.43	-	-	-	-	stick/wood	tree/wood
4168	-	WOODS	The physical world	A dense growth of trees more extensive than a grove and smaller than a forest.	Noun	1.41	-	-	-	-	woods/forest	-
471303	1507122	WORK, ACTIVITY	Basic actions and technology	To do a specific task by employing physical or mental powers.	Verb	-	-	-	-	-	-	-
5466	-	WORM	Animals	A generally tubular invertebrate of the annelid phylum.	Noun	3.84	-	worm	worm	-	worm (earthworm)	-
441371	-	YAWN	The body	To open the mouth widely and take a long, deep breath because of tiredness or boredom.	Verb	4.52	-	-	-	-	-	-
5478	5605	YEAR	Time	The time it takes the Earth to complete one revolution of the Sun (between 365.24 and 365.26 days depending on the point of reference).	Noun	14.73	-	year	year	-	year	year
6031	-	YELLOW	Sense perception	Having the colour of a yolk, a lemon or gold.	Adjective	15.69	-	yellow	yellow	-	yellow	-
525186	5603	YESTERDAY	Time	The day before today.	Function word	14.49	-	-	-	-	-	-
5456	-	YOU	Kinship	The group of persons addressed.	Function word	2.95	-	-	-	-	you	-
6816	-	TRUE	Emotions and values	Concurring with a given set of facts.	Adjective	16.66	-	-	-	-	-	-
